k,t,Qnum,Qlevel,Qlength,approach,time,size
20,2,0,0,2,acts,0.0386,30.8
20,2,8,1,2,acts,1.9054,28
20,2,17,2,2,acts,9.4514,28.6
20,2,26,3,2,acts,8.191,29.6
20,2,35,4,2,acts,10.2018,30.2
20,2,44,5,2,acts,8.353,31
20,2,53,6,2,acts,11.8898,32.8
20,2,62,7,2,acts,3.9392,35.4
20,2,71,8,2,acts,9.3698,35.6
20,2,80,9,2,acts,7.4456,37.6
80,2,0,0,2,acts,0.1038,44
80,2,17,1,2,acts,1.6732,44
80,2,35,2,2,acts,2.7012,43.4
80,2,53,3,2,acts,20.826,42.6
80,2,71,4,2,acts,10.9426,43.4
80,2,89,5,2,acts,18.684,44
80,2,107,6,2,acts,49.8216,44.2
80,2,125,7,2,acts,45.2276,44.8
80,2,143,8,2,acts,43.3112,45.6
80,2,160,9,2,acts,66.5952,48
140,2,0,0,2,acts,0.1688,49.6
140,2,23,1,2,acts,1.7906,48.8
140,2,47,2,2,acts,2.7066,48.2
140,2,70,3,2,acts,4.9198,48.6
140,2,94,4,2,acts,15.0608,48.8
140,2,118,5,2,acts,40.0366,48.2
140,2,141,6,2,acts,71.835,48.4
140,2,165,7,2,acts,98.2476,48.8
140,2,189,8,2,acts,142.7348,50
140,2,212,9,2,acts,202.3482,51.2
200,2,0,0,2,acts,2.5166,52.4
200,2,28,1,2,acts,6.0554,52.4
200,2,56,2,2,acts,11.42,52.6
200,2,84,3,2,acts,13.4122,51
200,2,113,4,2,acts,15.7278,51.2
200,2,141,5,2,acts,74.4664,51.6
200,2,169,6,2,acts,143.7194,51.2
200,2,197,7,2,acts,207.9088,51.8
200,2,226,8,2,acts,270.553,52
200,2,254,9,2,acts,382.29,53
20,3,0,0,2,acts,0.0868,141.6
20,3,8,1,2,acts,1.6304,140.2
20,3,17,2,2,acts,4.411,143.6
20,3,26,3,2,acts,7.7828,150.6
20,3,35,4,2,acts,14.7658,161.2
20,3,44,5,2,acts,21.3064,164.6
20,3,53,6,2,acts,36.1928,173.6
20,3,62,7,2,acts,56.26,188.2
20,3,71,8,2,acts,76.014,193
20,3,80,9,2,acts,131.9278,208.8
80,3,0,0,2,acts,1.0388,252.8
80,3,17,1,2,acts,3.1872,259
80,3,35,2,2,acts,5.8846,259
80,3,53,3,2,acts,54.0156,266
80,3,71,4,2,acts,378.4006,264.8
80,3,89,5,2,acts,938.6406,272.6
80,3,107,6,2,acts,1961.3948,283.6
80,3,125,7,2,acts,3211.4074,297.4
80,3,143,8,2,acts,5469.805,315.8
80,3,160,9,2,acts,8349.0016,328
140,3,0,0,2,acts,6.5376,310.8
140,3,23,1,2,acts,10.5366,313.8
140,3,47,2,2,acts,19.5224,316.2
140,3,70,3,2,acts,98.4096,316.8
140,3,94,4,2,acts,889.6518,318.2
140,3,118,5,2,acts,3307.2134,319.8
140,3,141,6,2,acts,7350.8468,326
140,3,165,7,2,acts,11483.9068,328.8
140,3,189,8,2,acts,22616.2518,353.8
140,3,212,9,2,acts,31169.2852,358.6
200,3,0,0,2,acts,19.1372,344.2
200,3,28,1,2,acts,27.3928,347.2
200,3,56,2,2,acts,31.1822,346.6
200,3,84,3,2,acts,51.0592,346.4
200,3,113,4,2,acts,1041.3554,347.4
200,3,141,5,2,acts,5477.167,352
200,3,169,6,2,acts,12932.4704,351.8
200,3,197,7,2,acts,33159.8198,366.8
200,3,226,8,2,acts,42022.4564,359.4
200,3,254,9,2,acts,61379,367.3
20,2,0,0,3,acts,0.0388,30.8
20,2,8,1,3,acts,6.8786,30.8
20,2,17,2,3,acts,8.6416,30.6
20,2,26,3,3,acts,10.3576,30.6
20,2,35,4,3,acts,9.5722,30.8
20,2,44,5,3,acts,11.5908,30.6
20,2,53,6,3,acts,3.0938,30.6
20,2,62,7,3,acts,3.3078,29.6
20,2,71,8,3,acts,11.8458,29.2
20,2,80,9,3,acts,3.8416,30.6
80,2,0,0,3,acts,0.1036,44
80,2,17,1,3,acts,2.874,43.6
80,2,35,2,3,acts,21.2948,43.8
80,2,53,3,3,acts,13.0112,43.8
80,2,71,4,3,acts,20.432,43.6
80,2,89,5,3,acts,44.6462,43.6
80,2,107,6,3,acts,37.814,44.2
80,2,125,7,3,acts,30.6598,44.2
80,2,143,8,3,acts,33.2264,43
80,2,160,9,3,acts,37.934,43.8
140,2,0,0,3,acts,0.166,49.6
140,2,23,1,3,acts,3.7212,49.4
140,2,47,2,3,acts,16.8274,49.4
140,2,70,3,3,acts,37.1336,49.2
140,2,94,4,3,acts,59.5876,49
140,2,118,5,3,acts,78.6012,49
140,2,141,6,3,acts,98.614,48.6
140,2,165,7,3,acts,112.945,48.6
140,2,189,8,3,acts,134.7698,49.4
140,2,212,9,3,acts,145.469,48.8
200,2,0,0,3,acts,0.2422,52.4
200,2,28,1,3,acts,3.6416,52.6
200,2,56,2,3,acts,25.8008,52.4
200,2,84,3,3,acts,74.942,52.2
200,2,113,4,3,acts,134.7872,51.6
200,2,141,5,3,acts,189.9934,52.2
200,2,169,6,3,acts,244.9026,52
200,2,197,7,3,acts,293.445,52.4
200,2,226,8,3,acts,339.5336,52.2
200,2,254,9,3,acts,378.7484,52.2
20,3,0,0,3,acts,0.0872,141.6
20,3,8,1,3,acts,3.0862,139.6
20,3,17,2,3,acts,4.4736,139.2
20,3,26,3,3,acts,6.0786,140.2
20,3,35,4,3,acts,7.6328,139.8
20,3,44,5,3,acts,9.3968,141.2
20,3,53,6,3,acts,11.002,143.4
20,3,62,7,3,acts,12.8762,145.2
20,3,71,8,3,acts,15.8372,149.4
20,3,80,9,3,acts,19.5188,152.8
80,3,0,0,3,acts,1.0406,252.8
80,3,17,1,3,acts,7.6634,254
80,3,35,2,3,acts,110.1282,255.8
80,3,53,3,3,acts,228.7504,253.2
80,3,71,4,3,acts,326.193,255.2
80,3,89,5,3,acts,433.706,257
80,3,107,6,3,acts,528.5154,257.4
80,3,125,7,3,acts,614.4094,259.4
80,3,143,8,3,acts,720.1564,256.8
80,3,160,9,3,acts,792.2568,256.6
140,3,0,0,3,acts,6.211,310.8
140,3,23,1,3,acts,17.694,312.6
140,3,47,2,3,acts,385.0074,312.2
140,3,70,3,3,acts,1088.2726,313.8
140,3,94,4,3,acts,1767.6204,313.2
140,3,118,5,3,acts,2380.1562,314.8
140,3,141,6,3,acts,2887.1664,313
140,3,165,7,3,acts,3407.4728,314
140,3,189,8,3,acts,3971.7626,314.6
140,3,212,9,3,acts,4250.8846,313.8
200,3,0,0,3,acts,21.9482,344.2
200,3,28,1,3,acts,34.4824,344.6
200,3,56,2,3,acts,607.5648,344.8
200,3,84,3,3,acts,2521.9714,345.2
200,3,113,4,3,acts,4298.7836,343.8
200,3,141,5,3,acts,6164.5006,344.4
200,3,169,6,3,acts,8167.2596,345.6
200,3,197,7,3,acts,9006.9532,345.2
200,3,226,8,3,acts,10543.7742,346.8
200,3,254,9,3,acts,12078.6274,345.2
20,2,0,0,4,acts,0.0394,30.8
20,2,8,1,4,acts,9.7226,30.8
20,2,17,2,4,acts,8.7982,30.8
20,2,26,3,4,acts,12.1356,30.8
20,2,35,4,4,acts,8.0358,30.6
20,2,44,5,4,acts,8.3044,30.8
20,2,53,6,4,acts,3.4994,30.8
20,2,62,7,4,acts,8.0508,30.8
20,2,71,8,4,acts,6.876,30.8
20,2,80,9,4,acts,4.131,30.8
80,2,0,0,4,acts,0.1032,44
80,2,17,1,4,acts,6.9862,44
80,2,35,2,4,acts,25.2748,44
80,2,53,3,4,acts,17.809,43.6
80,2,71,4,4,acts,47.7512,44
80,2,89,5,4,acts,39.797,44
80,2,107,6,4,acts,31.1968,43.8
80,2,125,7,4,acts,36.1394,44
80,2,143,8,4,acts,40.3052,44
80,2,160,9,4,acts,43.5618,43.8
140,2,0,0,4,acts,0.1678,49.6
140,2,23,1,4,acts,8.363,49.6
140,2,47,2,4,acts,32.1016,49.6
140,2,70,3,4,acts,61.7564,49.6
140,2,94,4,4,acts,82.3582,49.6
140,2,118,5,4,acts,106.4666,49.6
140,2,141,6,4,acts,123.1888,49.4
140,2,165,7,4,acts,142.6358,49.8
140,2,189,8,4,acts,159.969,49.6
140,2,212,9,4,acts,180.8002,49.8
200,2,0,0,4,acts,0.2398,52.4
200,2,28,1,4,acts,12.8606,52.4
200,2,56,2,4,acts,72.1526,52.4
200,2,84,3,4,acts,143.7914,52.4
200,2,113,4,4,acts,210.0952,52.4
200,2,141,5,4,acts,270.791,52.4
200,2,169,6,4,acts,310.7738,51.8
200,2,197,7,4,acts,367.9116,52.4
200,2,226,8,4,acts,424.3536,52.4
200,2,254,9,4,acts,473.2892,52.4
20,3,0,0,4,acts,0.0866,141.6
20,3,8,1,4,acts,3.9426,141.4
20,3,17,2,4,acts,5.3668,140.4
20,3,26,3,4,acts,6.8184,141.4
20,3,35,4,4,acts,8.562,140.8
20,3,44,5,4,acts,10.1536,142
20,3,53,6,4,acts,11.4068,141
20,3,62,7,4,acts,12.6012,139.6
20,3,71,8,4,acts,14.0746,141.2
20,3,80,9,4,acts,15.5976,141.6
80,3,0,0,4,acts,1.0408,252.8
80,3,17,1,4,acts,39.8588,252.6
80,3,35,2,4,acts,162.4828,253
80,3,53,3,4,acts,293.7802,252.6
80,3,71,4,4,acts,383.5022,251.8
80,3,89,5,4,acts,469.5032,253.4
80,3,107,6,4,acts,556.7128,252.6
80,3,125,7,4,acts,636.5028,255.6
80,3,143,8,4,acts,758.3184,253.4
80,3,160,9,4,acts,785.0166,253.2
140,3,0,0,4,acts,6.1868,310.8
140,3,23,1,4,acts,140.216,310.8
140,3,47,2,4,acts,881.0102,312
140,3,70,3,4,acts,1573.583,312.8
140,3,94,4,4,acts,2219.919,311.6
140,3,118,5,4,acts,2748.6008,311
140,3,141,6,4,acts,3374.8634,311.6
140,3,165,7,4,acts,3729.5324,311.4
140,3,189,8,4,acts,4220.6364,311.6
140,3,212,9,4,acts,4690.844,312.4
200,3,0,0,4,acts,20.0884,344.2
200,3,28,1,4,acts,238.4922,343.4
200,3,56,2,4,acts,2044.488,343.8
200,3,84,3,4,acts,4138.6494,343.4
200,3,113,4,4,acts,6372.4064,344.8
200,3,141,5,4,acts,8005.702,344.8
200,3,169,6,4,acts,9377.8528,344.2
200,3,197,7,4,acts,10630.7236,344
200,3,226,8,4,acts,11678.5508,343.8
200,3,254,9,4,acts,13106.6584,344.4
20,2,0,0,5,acts,0.0392,30.8
20,2,8,1,5,acts,10.4058,30.8
20,2,17,2,5,acts,12.5578,30.8
20,2,26,3,5,acts,10.0564,30.8
20,2,35,4,5,acts,14.5296,30.8
20,2,44,5,5,acts,3.7598,30.8
20,2,53,6,5,acts,3.8072,30.8
20,2,62,7,5,acts,11.176,30.8
20,2,71,8,5,acts,4.3498,30.8
20,2,80,9,5,acts,4.538,30.8
80,2,0,0,5,acts,0.1032,44
80,2,17,1,5,acts,20.2272,44
80,2,35,2,5,acts,14.422,44
80,2,53,3,5,acts,25.2444,44
80,2,71,4,5,acts,56.382,44
80,2,89,5,5,acts,31.9078,44
80,2,107,6,5,acts,37.3574,44
80,2,125,7,5,acts,43.059,44
80,2,143,8,5,acts,48.0512,44
80,2,160,9,5,acts,52.703,44
140,2,0,0,5,acts,0.1694,49.6
140,2,23,1,5,acts,14.6054,49.6
140,2,47,2,5,acts,47.0984,49.6
140,2,70,3,5,acts,74.5292,49.6
140,2,94,4,5,acts,103.3586,49.6
140,2,118,5,5,acts,129.475,49.6
140,2,141,6,5,acts,149.3134,49.6
140,2,165,7,5,acts,173.8842,49.6
140,2,189,8,5,acts,192.0192,49.6
140,2,212,9,5,acts,215.0726,49.6
200,2,0,0,5,acts,0.2424,52.4
200,2,28,1,5,acts,26.9156,52.4
200,2,56,2,5,acts,141.0692,52.4
200,2,84,3,5,acts,178.2594,52.4
200,2,113,4,5,acts,265.0326,52.4
200,2,141,5,5,acts,332.7074,52.4
200,2,169,6,5,acts,388.607,52
200,2,197,7,5,acts,445.7942,52.4
200,2,226,8,5,acts,508.6116,52.4
200,2,254,9,5,acts,560.9682,52.4
20,3,0,0,5,acts,0.0866,141.6
20,3,8,1,5,acts,4.1996,141.4
20,3,17,2,5,acts,6.38,141.6
20,3,26,3,5,acts,8.2692,141.4
20,3,35,4,5,acts,9.9946,142
20,3,44,5,5,acts,11.5424,141
20,3,53,6,5,acts,12.8274,140.6
20,3,62,7,5,acts,14.3644,141
20,3,71,8,5,acts,15.6532,141.8
20,3,80,9,5,acts,16.8852,140.6
80,3,0,0,5,acts,1.0326,252.8
80,3,17,1,5,acts,76.4074,252.8
80,3,35,2,5,acts,234.6424,253
80,3,53,3,5,acts,360.35,252.6
80,3,71,4,5,acts,461.2768,252.6
80,3,89,5,5,acts,545.1402,252.6
80,3,107,6,5,acts,641.6378,252.6
80,3,125,7,5,acts,764.6188,252.6
80,3,143,8,5,acts,809.694,252.2
80,3,160,9,5,acts,894.2748,252.6
140,3,0,0,5,acts,6.2394,310.8
140,3,23,1,5,acts,314.6316,310.8
140,3,47,2,5,acts,1198.3482,310.8
140,3,70,3,5,acts,2050.3748,311
140,3,94,4,5,acts,2720.6902,310.8
140,3,118,5,5,acts,3268.599,311.8
140,3,141,6,5,acts,3873.7628,311
140,3,165,7,5,acts,4346.982,311.6
140,3,189,8,5,acts,4608.2966,310.8
140,3,212,9,5,acts,5159.1506,312
200,3,0,0,5,acts,21.7796,344.2
200,3,28,1,5,acts,767.0424,344.2
200,3,56,2,5,acts,3041.544,344.2
200,3,84,3,5,acts,5701.7096,344.2
200,3,113,4,5,acts,8030.5666,344.2
200,3,141,5,5,acts,9775.2146,345
200,3,169,6,5,acts,10853.352,344.2
200,3,197,7,5,acts,12129.4238,343.8
200,3,226,8,5,acts,13583.4234,343.6
200,3,254,9,5,acts,15036.4606,344.2
20,2,0,0,2,casa,2.2,23.8
20,2,8,1,2,casa,0.6,24.2
20,2,17,2,2,casa,2.2,24.6
20,2,26,3,2,casa,0.2,24.4
20,2,35,4,2,casa,2,26
20,2,44,5,2,casa,3.2,25.8
20,2,53,6,2,casa,1,27.6
20,2,62,7,2,casa,1.5,26.6
20,2,71,8,2,casa,2.7,27
20,2,80,9,2,casa,2.8,28.6
80,2,0,0,2,casa,41.2,35.4
80,2,17,1,2,casa,25.3,36
80,2,35,2,2,casa,45.6,35.8
80,2,53,3,2,casa,26.7,36.4
80,2,71,4,2,casa,63.8,36.6
80,2,89,5,2,casa,69.2,39
80,2,107,6,2,casa,21.6,42.2
80,2,125,7,2,casa,24.2,42.6
80,2,143,8,2,casa,121,44.2
80,2,160,9,2,casa,68.2,49.8
140,2,0,0,2,casa,109.8,41
140,2,23,1,2,casa,130,41
140,2,47,2,2,casa,89,41.4
140,2,70,3,2,casa,127.9,41.6
140,2,94,4,2,casa,241.5,41.6
140,2,118,5,2,casa,56.4,44.6
140,2,141,6,2,casa,362.6,43.6
140,2,165,7,2,casa,58.2,52.4
140,2,189,8,2,casa,128.1,51.6
140,2,212,9,2,casa,205.3,55.8
200,2,0,0,2,casa,566,43.8
200,2,28,1,2,casa,575.7,44
200,2,56,2,2,casa,362,44
200,2,84,3,2,casa,334.3,44.2
200,2,113,4,2,casa,320.9,44.2
200,2,141,5,2,casa,245.3,45.2
200,2,169,6,2,casa,202.5,47.8
200,2,197,7,2,casa,195.4,66
200,2,226,8,2,casa,382.5,58.4
200,2,254,9,2,casa,543.5,60
20,3,0,0,2,casa,362.4,125.6
20,3,8,1,2,casa,303.2,124.6
20,3,17,2,2,casa,189.2,127.6
20,3,26,3,2,casa,160,129.8
20,3,35,4,2,casa,392.4,130.4
20,3,44,5,2,casa,55,135.6
20,3,53,6,2,casa,175.8,135.4
20,3,62,7,2,casa,40.6,141.2
20,3,71,8,2,casa,116.8,141.6
20,3,80,9,2,casa,142.5,150.2
80,3,0,0,2,casa,*,*
80,3,17,1,2,casa,*,*
80,3,35,2,2,casa,*,*
80,3,53,3,2,casa,*,*
80,3,71,4,2,casa,*,*
80,3,89,5,2,casa,*,*
80,3,107,6,2,casa,*,*
80,3,125,7,2,casa,*,*
80,3,143,8,2,casa,*,*
80,3,160,9,2,casa,*,*
140,3,0,0,2,casa,*,*
140,3,23,1,2,casa,*,*
140,3,47,2,2,casa,*,*
140,3,70,3,2,casa,*,*
140,3,94,4,2,casa,*,*
140,3,118,5,2,casa,*,*
140,3,141,6,2,casa,*,*
140,3,165,7,2,casa,*,*
140,3,189,8,2,casa,*,*
140,3,212,9,2,casa,*,*
200,3,0,0,2,casa,*,*
200,3,28,1,2,casa,*,*
200,3,56,2,2,casa,*,*
200,3,84,3,2,casa,*,*
200,3,113,4,2,casa,*,*
200,3,141,5,2,casa,*,*
200,3,169,6,2,casa,*,*
200,3,197,7,2,casa,*,*
200,3,226,8,2,casa,*,*
200,3,254,9,2,casa,*,*
20,2,0,0,3,casa,2.7,23.8
20,2,8,1,3,casa,1.2,24.2
20,2,17,2,3,casa,2.8,24.4
20,2,26,3,3,casa,3.3,24.2
20,2,35,4,3,casa,1,24.4
20,2,44,5,3,casa,0.6,24.6
20,2,53,6,3,casa,2.2,24.6
20,2,62,7,3,casa,3.1,24.6
20,2,71,8,3,casa,1.6,25
20,2,80,9,3,casa,1.2,25
80,2,0,0,3,casa,152.2,35.4
80,2,17,1,3,casa,31.3,35.4
80,2,35,2,3,casa,62.6,35.8
80,2,53,3,3,casa,54.4,35.6
80,2,71,4,3,casa,43.6,36
80,2,89,5,3,casa,34,35.8
80,2,107,6,3,casa,199.3,36.2
80,2,125,7,3,casa,23.6,36
80,2,143,8,3,casa,53.3,36.2
80,2,160,9,3,casa,24.1,36.2
140,2,0,0,3,casa,90.6,41
140,2,23,1,3,casa,75,40.8
140,2,47,2,3,casa,38.4,41
140,2,70,3,3,casa,79.8,41.2
140,2,94,4,3,casa,65.6,40.8
140,2,118,5,3,casa,187.7,40.8
140,2,141,6,3,casa,132.5,41.2
140,2,165,7,3,casa,176.2,41.2
140,2,189,8,3,casa,252.3,41
140,2,212,9,3,casa,203.1,41.2
200,2,0,0,3,casa,491.2,44
200,2,28,1,3,casa,608,44.2
200,2,56,2,3,casa,476.7,44
200,2,84,3,3,casa,318.4,44
200,2,113,4,3,casa,526.2,44
200,2,141,5,3,casa,148.6,44.4
200,2,169,6,3,casa,403.9,44.2
200,2,197,7,3,casa,328.7,44.2
200,2,226,8,3,casa,374.2,44
200,2,254,9,3,casa,605.3,44.4
20,3,0,0,3,casa,592.7,124
20,3,8,1,3,casa,2707,125.6
20,3,17,2,3,casa,1030.1,127.4
20,3,26,3,3,casa,201.1,125.4
20,3,35,4,3,casa,73.2,130.2
20,3,44,5,3,casa,40.2,132
20,3,53,6,3,casa,131.1,127.4
20,3,62,7,3,casa,192.8,129.8
20,3,71,8,3,casa,863.9,128
20,3,80,9,3,casa,1439.9,130.4
80,3,0,0,3,casa,*,*
80,3,17,1,3,casa,*,*
80,3,35,2,3,casa,*,*
80,3,53,3,3,casa,*,*
80,3,71,4,3,casa,*,*
80,3,89,5,3,casa,*,*
80,3,107,6,3,casa,*,*
80,3,125,7,3,casa,*,*
80,3,143,8,3,casa,*,*
80,3,160,9,3,casa,*,*
140,3,0,0,3,casa,*,*
140,3,23,1,3,casa,*,*
140,3,47,2,3,casa,*,*
140,3,70,3,3,casa,*,*
140,3,94,4,3,casa,*,*
140,3,118,5,3,casa,*,*
140,3,141,6,3,casa,*,*
140,3,165,7,3,casa,*,*
140,3,189,8,3,casa,*,*
140,3,212,9,3,casa,*,*
200,3,0,0,3,casa,*,*
200,3,28,1,3,casa,*,*
200,3,56,2,3,casa,*,*
200,3,84,3,3,casa,*,*
200,3,113,4,3,casa,*,*
200,3,141,5,3,casa,*,*
200,3,169,6,3,casa,*,*
200,3,197,7,3,casa,*,*
200,3,226,8,3,casa,*,*
200,3,254,9,3,casa,*,*
20,2,0,0,4,casa,0.3,24.2
20,2,8,1,4,casa,1.5,24.2
20,2,17,2,4,casa,1.5,24.6
20,2,26,3,4,casa,1.6,24.2
20,2,35,4,4,casa,1.4,24.2
20,2,44,5,4,casa,2.9,24.4
20,2,53,6,4,casa,1.8,24
20,2,62,7,4,casa,3.4,23.8
20,2,71,8,4,casa,2.6,24.2
20,2,80,9,4,casa,0.3,24.2
80,2,0,0,4,casa,58.6,36
80,2,17,1,4,casa,82.2,35.6
80,2,35,2,4,casa,40.2,35.8
80,2,53,3,4,casa,45.2,35.6
80,2,71,4,4,casa,29.8,35.6
80,2,89,5,4,casa,29.1,36
80,2,107,6,4,casa,49.6,36.2
80,2,125,7,4,casa,46.7,36
80,2,143,8,4,casa,15.8,37
80,2,160,9,4,casa,29.3,36
140,2,0,0,4,casa,375.8,40.8
140,2,23,1,4,casa,94.1,41.2
140,2,47,2,4,casa,83.4,41
140,2,70,3,4,casa,262.9,41.2
140,2,94,4,4,casa,239.2,40.6
140,2,118,5,4,casa,112.8,41
140,2,141,6,4,casa,87.7,41.2
140,2,165,7,4,casa,205.6,41
140,2,189,8,4,casa,181.2,41.2
140,2,212,9,4,casa,150.7,41.2
200,2,0,0,4,casa,627.8,43.8
200,2,28,1,4,casa,1771.7,43.6
200,2,56,2,4,casa,501.3,45.2
200,2,84,3,4,casa,374.6,43.8
200,2,113,4,4,casa,303.4,44
200,2,141,5,4,casa,225.6,44.2
200,2,169,6,4,casa,516.2,44
200,2,197,7,4,casa,487.4,44.4
200,2,226,8,4,casa,314.2,45.4
200,2,254,9,4,casa,463.8,44
20,3,0,0,4,casa,303.6,119
20,3,8,1,4,casa,6754,124.4
20,3,17,2,4,casa,130.9,125.4
20,3,26,3,4,casa,181,126
20,3,35,4,4,casa,657.1,125.2
20,3,44,5,4,casa,526.5,126.2
20,3,53,6,4,casa,132,126.6
20,3,62,7,4,casa,285.3,128.4
20,3,71,8,4,casa,280.2,125.8
20,3,80,9,4,casa,*,*
80,3,0,0,4,casa,*,*
80,3,17,1,4,casa,*,*
80,3,35,2,4,casa,*,*
80,3,53,3,4,casa,*,*
80,3,71,4,4,casa,*,*
80,3,89,5,4,casa,*,*
80,3,107,6,4,casa,*,*
80,3,125,7,4,casa,*,*
80,3,143,8,4,casa,*,*
80,3,160,9,4,casa,*,*
140,3,0,0,4,casa,*,*
140,3,23,1,4,casa,*,*
140,3,47,2,4,casa,*,*
140,3,70,3,4,casa,*,*
140,3,94,4,4,casa,*,*
140,3,118,5,4,casa,*,*
140,3,141,6,4,casa,*,*
140,3,165,7,4,casa,*,*
140,3,189,8,4,casa,*,*
140,3,212,9,4,casa,*,*
200,3,0,0,4,casa,*,*
200,3,28,1,4,casa,*,*
200,3,56,2,4,casa,*,*
200,3,84,3,4,casa,*,*
200,3,113,4,4,casa,*,*
200,3,141,5,4,casa,*,*
200,3,169,6,4,casa,*,*
200,3,197,7,4,casa,*,*
200,3,226,8,4,casa,*,*
200,3,254,9,4,casa,*,*
20,2,0,0,5,casa,1.4,24.2
20,2,8,1,5,casa,3.9,23.8
20,2,17,2,5,casa,3.1,24
20,2,26,3,5,casa,4.1,24
20,2,35,4,5,casa,0.6,25.2
20,2,44,5,5,casa,4.7,23.8
20,2,53,6,5,casa,3.9,23.6
20,2,62,7,5,casa,1.2,24.2
20,2,71,8,5,casa,1.8,24
20,2,80,9,5,casa,2.8,24.2
80,2,0,0,5,casa,58.6,35.8
80,2,17,1,5,casa,55.6,35.6
80,2,35,2,5,casa,31.1,35.8
80,2,53,3,5,casa,26.4,35.2
80,2,71,4,5,casa,152.5,35.4
80,2,89,5,5,casa,201.2,35.4
80,2,107,6,5,casa,18.9,36.2
80,2,125,7,5,casa,43.9,35.4
80,2,143,8,5,casa,39.8,35.8
80,2,160,9,5,casa,50.2,35.8
140,2,0,0,5,casa,34.2,41
140,2,23,1,5,casa,42.3,41
140,2,47,2,5,casa,97,41
140,2,70,3,5,casa,73,41.2
140,2,94,4,5,casa,243.2,41
140,2,118,5,5,casa,143.6,41
140,2,141,6,5,casa,143.4,41
140,2,165,7,5,casa,160.8,41
140,2,189,8,5,casa,257.1,41
140,2,212,9,5,casa,243.3,41
200,2,0,0,5,casa,494.9,44
200,2,28,1,5,casa,396.7,44
200,2,56,2,5,casa,542.4,43.8
200,2,84,3,5,casa,416.1,44
200,2,113,4,5,casa,367.5,44
200,2,141,5,5,casa,416.6,44
200,2,169,6,5,casa,565.5,44
200,2,197,7,5,casa,461.1,44
200,2,226,8,5,casa,552.6,44
200,2,254,9,5,casa,372,44
20,3,0,0,5,casa,208.1,119.3
20,3,8,1,5,casa,254.6,125.2
20,3,17,2,5,casa,1186,123.8
20,3,26,3,5,casa,554.8,124.8
20,3,35,4,5,casa,2234.2,124.8
20,3,44,5,5,casa,406.6,124.4
20,3,53,6,5,casa,484.9,126.2
20,3,62,7,5,casa,2301.1,125
20,3,71,8,5,casa,1519.6,124.6
20,3,80,9,5,casa,225.9,126
80,3,0,0,5,casa,*,*
80,3,17,1,5,casa,*,*
80,3,35,2,5,casa,*,*
80,3,53,3,5,casa,*,*
80,3,71,4,5,casa,*,*
80,3,89,5,5,casa,*,*
80,3,107,6,5,casa,*,*
80,3,125,7,5,casa,*,*
80,3,143,8,5,casa,*,*
80,3,160,9,5,casa,*,*
140,3,0,0,5,casa,*,*
140,3,23,1,5,casa,*,*
140,3,47,2,5,casa,*,*
140,3,70,3,5,casa,*,*
140,3,94,4,5,casa,*,*
140,3,118,5,5,casa,*,*
140,3,141,6,5,casa,*,*
140,3,165,7,5,casa,*,*
140,3,189,8,5,casa,*,*
140,3,212,9,5,casa,*,*
200,3,0,0,5,casa,*,*
200,3,28,1,5,casa,*,*
200,3,56,2,5,casa,*,*
200,3,84,3,5,casa,*,*
200,3,113,4,5,casa,*,*
200,3,141,5,5,casa,*,*
200,3,169,6,5,casa,*,*
200,3,197,7,5,casa,*,*
200,3,226,8,5,casa,*,*
200,3,254,9,5,casa,*,*
20,2,0,0,2,jenny,0,31
20,2,8,1,2,jenny,0,30.6
20,2,17,2,2,jenny,0,30.8
20,2,26,3,2,jenny,0,30.8
20,2,35,4,2,jenny,0,31.2
20,2,44,5,2,jenny,0,31.4
20,2,53,6,2,jenny,0,32.2
20,2,62,7,2,jenny,0,32.4
20,2,71,8,2,jenny,0,33.8
20,2,80,9,2,jenny,0,34.8
80,2,0,0,2,jenny,0.066,46.2
80,2,17,1,2,jenny,0.076,45.6
80,2,35,2,2,jenny,0.084,45.4
80,2,53,3,2,jenny,0.096,44.4
80,2,71,4,2,jenny,0.098,44.8
80,2,89,5,2,jenny,0.106,43.8
80,2,107,6,2,jenny,0.108,44.4
80,2,125,7,2,jenny,0.116,44.6
80,2,143,8,2,jenny,0.118,44.4
80,2,160,9,2,jenny,0.124,45.4
140,2,0,0,2,jenny,0.232,52
140,2,23,1,2,jenny,0.278,50.8
140,2,47,2,2,jenny,0.308,50.4
140,2,70,3,2,jenny,0.342,51.6
140,2,94,4,2,jenny,0.364,50.8
140,2,118,5,2,jenny,0.384,50
140,2,141,6,2,jenny,0.41,50
140,2,165,7,2,jenny,0.43,50
140,2,189,8,2,jenny,0.448,50.2
140,2,212,9,2,jenny,0.476,49.6
200,2,0,0,2,jenny,0.482,55.6
200,2,28,1,2,jenny,0.552,55.8
200,2,56,2,2,jenny,0.62,54.2
200,2,84,3,2,jenny,0.678,54.6
200,2,113,4,2,jenny,0.752,53.8
200,2,141,5,2,jenny,0.808,53.8
200,2,169,6,2,jenny,0.862,53.4
200,2,197,7,2,jenny,0.92,53.6
200,2,226,8,2,jenny,0.982,53.2
200,2,254,9,2,jenny,1.028,52.8
20,3,0,0,2,jenny,0.186,143.2
20,3,8,1,2,jenny,0.172,144
20,3,17,2,2,jenny,0.168,144.2
20,3,26,3,2,jenny,0.162,146
20,3,35,4,2,jenny,0.154,150
20,3,44,5,2,jenny,0.154,154.2
20,3,53,6,2,jenny,0.152,156.2
20,3,62,7,2,jenny,0.152,163.2
20,3,71,8,2,jenny,0.15,167.6
20,3,80,9,2,jenny,0.152,175
80,3,0,0,2,jenny,74.0700012,249.4
80,3,17,1,2,jenny,43.6379992,250.6
80,3,35,2,2,jenny,27.4880002,251.2
80,3,53,3,2,jenny,23.7699996,253.2
80,3,71,4,2,jenny,21.4859994,254
80,3,89,5,2,jenny,20.6019996,256
80,3,107,6,2,jenny,19.4979998,257.2
80,3,125,7,2,jenny,18.7739996,263
80,3,143,8,2,jenny,18.2839998,265
80,3,160,9,2,jenny,18.346,269.4
140,3,0,0,2,jenny,*,*
140,3,23,1,2,jenny,4949.562036,300.4
140,3,47,2,2,jenny,2592.848047,302
140,3,70,3,2,jenny,968.9420106,301.4
140,3,94,4,2,jenny,357.995996,301.6
140,3,118,5,2,jenny,238.95,303.8
140,3,141,6,2,jenny,196.2779968,304.8
140,3,165,7,2,jenny,193.0579986,305.6
140,3,189,8,2,jenny,166.1600008,308.4
140,3,212,9,2,jenny,160.75,310.4
200,3,0,0,2,jenny,*,*
200,3,28,1,2,jenny,*,*
200,3,56,2,2,jenny,*,*
200,3,84,3,2,jenny,43178.57188,330.8
200,3,113,4,2,jenny,15885.46841,331.2
200,3,141,5,2,jenny,6683.157983,333
200,3,169,6,2,jenny,1914.949951,333.6
200,3,197,7,2,jenny,1641.12998,334
200,3,226,8,2,jenny,1227.030005,334.2
200,3,254,9,2,jenny,803.8880004,336.4
20,2,0,0,3,jenny,0,31
20,2,8,1,3,jenny,0,31.4
20,2,17,2,3,jenny,0,31.6
20,2,26,3,3,jenny,0,32.4
20,2,35,4,3,jenny,0,31.6
20,2,44,5,3,jenny,0,31.2
20,2,53,6,3,jenny,0,31
20,2,62,7,3,jenny,0.002,30.8
20,2,71,8,3,jenny,0.002,30.4
20,2,80,9,3,jenny,0.006,31.4
80,2,0,0,3,jenny,0.066,46.2
80,2,17,1,3,jenny,0.074,46
80,2,35,2,3,jenny,0.084,46.4
80,2,53,3,3,jenny,0.094,45.4
80,2,71,4,3,jenny,0.104,45.4
80,2,89,5,3,jenny,0.112,45.2
80,2,107,6,3,jenny,0.12,45.2
80,2,125,7,3,jenny,0.126,45
80,2,143,8,3,jenny,0.136,44.2
80,2,160,9,3,jenny,0.14,44.6
140,2,0,0,3,jenny,0.234,52
140,2,23,1,3,jenny,0.268,51.4
140,2,47,2,3,jenny,0.306,51.4
140,2,70,3,3,jenny,0.332,52.6
140,2,94,4,3,jenny,0.362,51.8
140,2,118,5,3,jenny,0.388,52.2
140,2,141,6,3,jenny,0.416,51.6
140,2,165,7,3,jenny,0.44,52.4
140,2,189,8,3,jenny,0.466,51.2
140,2,212,9,3,jenny,0.494,51.2
200,2,0,0,3,jenny,0.484,55.6
200,2,28,1,3,jenny,0.54,55.6
200,2,56,2,3,jenny,0.606,54.6
200,2,84,3,3,jenny,0.672,54.2
200,2,113,4,3,jenny,0.742,54.6
200,2,141,5,3,jenny,0.786,55.6
200,2,169,6,3,jenny,0.848,55
200,2,197,7,3,jenny,0.906,55
200,2,226,8,3,jenny,0.998,54.8
200,2,254,9,3,jenny,1.05,54.2
20,3,0,0,3,jenny,0.186,143.2
20,3,8,1,3,jenny,0.184,143.4
20,3,17,2,3,jenny,0.192,143.4
20,3,26,3,3,jenny,0.196,143
20,3,35,4,3,jenny,0.188,143.4
20,3,44,5,3,jenny,0.188,143.8
20,3,53,6,3,jenny,0.198,144.6
20,3,62,7,3,jenny,0.198,145.4
20,3,71,8,3,jenny,0.202,146.6
20,3,80,9,3,jenny,0.206,147.2
80,3,0,0,3,jenny,74.2919992,249.4
80,3,17,1,3,jenny,65.1339988,250.2
80,3,35,2,3,jenny,42.5880002,250.4
80,3,53,3,3,jenny,34.712,250.4
80,3,71,4,3,jenny,33.918,251
80,3,89,5,3,jenny,32.3180002,250.6
80,3,107,6,3,jenny,28.862,251.4
80,3,125,7,3,jenny,27.166,251.6
80,3,143,8,3,jenny,26.6199998,251.8
80,3,160,9,3,jenny,25.206,252.2
140,3,0,0,3,jenny,*,*
140,3,23,1,3,jenny,66717.24609,299.6
140,3,47,2,3,jenny,18987.70391,299.8
140,3,70,3,3,jenny,8858.897803,299.8
140,3,94,4,3,jenny,2081.159997,300.6
140,3,118,5,3,jenny,2338.591992,300.2
140,3,141,6,3,jenny,834.3499876,300
140,3,165,7,3,jenny,1005.221985,301
140,3,189,8,3,jenny,479.0879944,301
140,3,212,9,3,jenny,466.4160154,301.6
200,3,0,0,3,jenny,*,*
200,3,28,1,3,jenny,*,*
200,3,56,2,3,jenny,*,*
200,3,84,3,3,jenny,*,*
200,3,113,4,3,jenny,*,*
200,3,141,5,3,jenny,47697.67969,324
200,3,169,6,3,jenny,*,*
200,3,197,7,3,jenny,33600.22168,329.8
200,3,226,8,3,jenny,55341.0166,330.4
200,3,254,9,3,jenny,15036.73369,330.8
20,2,0,0,4,jenny,0,31
20,2,8,1,4,jenny,0,31.2
20,2,17,2,4,jenny,0,31
20,2,26,3,4,jenny,0,31.2
20,2,35,4,4,jenny,0,32.4
20,2,44,5,4,jenny,0,31.2
20,2,53,6,4,jenny,0,31.2
20,2,62,7,4,jenny,0.004,31.8
20,2,71,8,4,jenny,0.006,31.4
20,2,80,9,4,jenny,0.004,31.2
80,2,0,0,4,jenny,0.064,46.2
80,2,17,1,4,jenny,0.076,46.6
80,2,35,2,4,jenny,0.086,46.8
80,2,53,3,4,jenny,0.094,46
80,2,71,4,4,jenny,0.104,46
80,2,89,5,4,jenny,0.114,46
80,2,107,6,4,jenny,0.116,45.4
80,2,125,7,4,jenny,0.134,45.2
80,2,143,8,4,jenny,0.138,46
80,2,160,9,4,jenny,0.146,46.2
140,2,0,0,4,jenny,0.234,52
140,2,23,1,4,jenny,0.266,52.2
140,2,47,2,4,jenny,0.302,51.2
140,2,70,3,4,jenny,0.322,51.6
140,2,94,4,4,jenny,0.352,52
140,2,118,5,4,jenny,0.386,52.4
140,2,141,6,4,jenny,0.406,51.4
140,2,165,7,4,jenny,0.442,52
140,2,189,8,4,jenny,0.464,51.4
140,2,212,9,4,jenny,0.492,51.4
200,2,0,0,4,jenny,0.482,55.6
200,2,28,1,4,jenny,0.54,55.4
200,2,56,2,4,jenny,0.596,55
200,2,84,3,4,jenny,0.656,55.4
200,2,113,4,4,jenny,0.71,55
200,2,141,5,4,jenny,0.768,56
200,2,169,6,4,jenny,0.83,54.6
200,2,197,7,4,jenny,0.874,56.2
200,2,226,8,4,jenny,0.96,54.6
200,2,254,9,4,jenny,1.016,55.6
20,3,0,0,4,jenny,0.186,143.2
20,3,8,1,4,jenny,0.194,142.4
20,3,17,2,4,jenny,0.198,143.8
20,3,26,3,4,jenny,0.204,142.6
20,3,35,4,4,jenny,0.204,142.4
20,3,44,5,4,jenny,0.214,144.2
20,3,53,6,4,jenny,0.218,144.2
20,3,62,7,4,jenny,0.226,144.4
20,3,71,8,4,jenny,0.226,142.4
20,3,80,9,4,jenny,0.238,143.4
80,3,0,0,4,jenny,74.2240012,249.4
80,3,17,1,4,jenny,103.3519996,250.2
80,3,35,2,4,jenny,59.8539998,250
80,3,53,3,4,jenny,109.4359994,249.4
80,3,71,4,4,jenny,58.8639992,249.6
80,3,89,5,4,jenny,50.2779998,249.8
80,3,107,6,4,jenny,40.8600006,250
80,3,125,7,4,jenny,48.8239988,250.4
80,3,143,8,4,jenny,42.4580006,250.4
80,3,160,9,4,jenny,38.9379996,250.6
140,3,0,0,4,jenny,*,*
140,3,23,1,4,jenny,*,*
140,3,47,2,4,jenny,*,*
140,3,70,3,4,jenny,19842.77222,299.4
140,3,94,4,4,jenny,25134.54629,301
140,3,118,5,4,jenny,34627.27539,299.8
140,3,141,6,4,jenny,5712.971924,300.4
140,3,165,7,4,jenny,12231.08188,300.2
140,3,189,8,4,jenny,6188.614062,300.6
140,3,212,9,4,jenny,6060.763928,300.8
200,3,0,0,4,jenny,*,*
200,3,28,1,4,jenny,*,*
200,3,56,2,4,jenny,*,*
200,3,84,3,4,jenny,*,*
200,3,113,4,4,jenny,*,*
200,3,141,5,4,jenny,*,*
200,3,169,6,4,jenny,*,*
200,3,197,7,4,jenny,*,*
200,3,226,8,4,jenny,*,*
200,3,254,9,4,jenny,*,*
20,2,0,0,5,jenny,0,31
20,2,8,1,5,jenny,0,30.8
20,2,17,2,5,jenny,0,31.8
20,2,26,3,5,jenny,0,31
20,2,35,4,5,jenny,0,32.6
20,2,44,5,5,jenny,0,31
20,2,53,6,5,jenny,0.002,31.6
20,2,62,7,5,jenny,0.004,31.4
20,2,71,8,5,jenny,0.006,31.2
20,2,80,9,5,jenny,0.01,31.6
80,2,0,0,5,jenny,0.066,46.2
80,2,17,1,5,jenny,0.072,45.8
80,2,35,2,5,jenny,0.084,46
80,2,53,3,5,jenny,0.094,46
80,2,71,4,5,jenny,0.104,46.2
80,2,89,5,5,jenny,0.11,47.4
80,2,107,6,5,jenny,0.12,46
80,2,125,7,5,jenny,0.128,45.6
80,2,143,8,5,jenny,0.138,45.2
80,2,160,9,5,jenny,0.146,45.8
140,2,0,0,5,jenny,0.232,52
140,2,23,1,5,jenny,0.264,51.6
140,2,47,2,5,jenny,0.298,52.2
140,2,70,3,5,jenny,0.32,51.8
140,2,94,4,5,jenny,0.35,52.4
140,2,118,5,5,jenny,0.374,51.4
140,2,141,6,5,jenny,0.404,51.2
140,2,165,7,5,jenny,0.428,51.6
140,2,189,8,5,jenny,0.462,52
140,2,212,9,5,jenny,0.484,51.6
200,2,0,0,5,jenny,1.14,55.6
200,2,28,1,5,jenny,1.26,55.2
200,2,56,2,5,jenny,1.4,54.4
200,2,84,3,5,jenny,1.55,55.2
200,2,113,4,5,jenny,1.66,55.4
200,2,141,5,5,jenny,1.77,54.8
200,2,169,6,5,jenny,1.9,55.6
200,2,197,7,5,jenny,2.05,55.6
200,2,226,8,5,jenny,2.22,55.6
200,2,254,9,5,jenny,2.37,55.8
20,3,0,0,5,jenny,0.186,143.2
20,3,8,1,5,jenny,0.192,143.4
20,3,17,2,5,jenny,0.198,142
20,3,26,3,5,jenny,0.2,143.4
20,3,35,4,5,jenny,0.214,144.2
20,3,44,5,5,jenny,0.218,141.4
20,3,53,6,5,jenny,0.224,143.8
20,3,62,7,5,jenny,0.232,142.2
20,3,71,8,5,jenny,0.24,142.4
20,3,80,9,5,jenny,0.242,142.8
80,3,0,0,5,jenny,74.2280006,249.4
80,3,17,1,5,jenny,99.4459998,250
80,3,35,2,5,jenny,93.177999,249.6
80,3,53,3,5,jenny,64.1719992,250
80,3,71,4,5,jenny,79.6960014,251
80,3,89,5,5,jenny,83.820001,249.4
80,3,107,6,5,jenny,72.763999,249.8
80,3,125,7,5,jenny,80.6239996,250.6
80,3,143,8,5,jenny,62.2779998,249
80,3,160,9,5,jenny,54.0400002,249.6
140,3,0,0,5,jenny,*,*
140,3,23,1,5,jenny,*,*
140,3,47,2,5,jenny,*,*
140,3,70,3,5,jenny,*,*
140,3,94,4,5,jenny,*,*
140,3,118,5,5,jenny,*,*
140,3,141,6,5,jenny,15732.98623,300.2
140,3,165,7,5,jenny,26913.83037,299.6
140,3,189,8,5,jenny,22682.97266,300.2
140,3,212,9,5,jenny,52333.81108,300.4
200,3,0,0,5,jenny,*,*
200,3,28,1,5,jenny,*,*
200,3,56,2,5,jenny,*,*
200,3,84,3,5,jenny,*,*
200,3,113,4,5,jenny,*,*
200,3,141,5,5,jenny,*,*
200,3,169,6,5,jenny,*,*
200,3,197,7,5,jenny,*,*
200,3,226,8,5,jenny,*,*
200,3,254,9,5,jenny,*,*
20,2,0,0,2,hybrid,1.0441722,25.4
20,2,8,1,2,hybrid,1.395152,25
20,2,17,2,2,hybrid,1.265536,25.6
20,2,26,3,2,hybrid,1.5125416,25.6
20,2,35,4,2,hybrid,1.4194318,26
20,2,44,5,2,hybrid,1.198747,25.6
20,2,53,6,2,hybrid,1.541012,26.4
20,2,62,7,2,hybrid,1.66734,27
20,2,71,8,2,hybrid,1.984506,27.6
20,2,80,9,2,hybrid,1.854686,29
80,2,0,0,2,hybrid,4.412456,38
80,2,17,1,2,hybrid,5.190836,37.8
80,2,35,2,2,hybrid,4.479558,37.8
80,2,53,3,2,hybrid,5.755694,37.8
80,2,71,4,2,hybrid,5.671064,37.6
80,2,89,5,2,hybrid,4.903822,38.6
80,2,107,6,2,hybrid,5.536742,38.2
80,2,125,7,2,hybrid,5.066916,38.8
80,2,143,8,2,hybrid,5.13081,38.8
80,2,160,9,2,hybrid,3.87884,39.6
140,2,0,0,2,hybrid,8.101242,42.6
140,2,23,1,2,hybrid,8.002406,43.4
140,2,47,2,2,hybrid,9.38564,43
140,2,70,3,2,hybrid,7.900508,43.4
140,2,94,4,2,hybrid,6.412946,43.8
140,2,118,5,2,hybrid,11.020302,42.8
140,2,141,6,2,hybrid,8.45778,44.2
140,2,165,7,2,hybrid,5.854474,44.4
140,2,189,8,2,hybrid,11.22662,43.8
140,2,212,9,2,hybrid,9.230122,44.2
200,2,0,0,2,hybrid,7.39071,46.4
200,2,28,1,2,hybrid,5.726022,46.8
200,2,56,2,2,hybrid,9.013438,46.6
200,2,84,3,2,hybrid,7.426816,47
200,2,113,4,2,hybrid,4.808506,47.4
200,2,141,5,2,hybrid,7.353708,47
200,2,169,6,2,hybrid,5.61227,47.4
200,2,197,7,2,hybrid,9.30888,47.2
200,2,226,8,2,hybrid,8.212148,47
200,2,254,9,2,hybrid,6.323794,47.4
20,3,0,0,2,hybrid,18.473548,126.2
20,3,8,1,2,hybrid,19.721146,126
20,3,17,2,2,hybrid,20.743644,126.6
20,3,26,3,2,hybrid,15.71329,127.6
20,3,35,4,2,hybrid,28.617406,129
20,3,44,5,2,hybrid,29.94086,131
20,3,53,6,2,hybrid,23.519202,131.8
20,3,62,7,2,hybrid,27.07458,136.4
20,3,71,8,2,hybrid,32.69216,138.2
20,3,80,9,2,hybrid,38.31434,144.2
80,3,0,0,2,hybrid,257.8124,244.2
80,3,17,1,2,hybrid,267.0742,244.6
80,3,35,2,2,hybrid,273.6272,244.8
80,3,53,3,2,hybrid,278.0472,245.8
80,3,71,4,2,hybrid,282.6456,245.8
80,3,89,5,2,hybrid,300.968,246.8
80,3,107,6,2,hybrid,321.1594,246.8
80,3,125,7,2,hybrid,295.1352,248.2
80,3,143,8,2,hybrid,299.7804,249.8
80,3,160,9,2,hybrid,331.8776,251.8
140,3,0,0,2,hybrid,970.473,298
140,3,23,1,2,hybrid,987.7588,298.2
140,3,47,2,2,hybrid,995.0112,297.8
140,3,70,3,2,hybrid,1007.9718,298.6
140,3,94,4,2,hybrid,1010.5462,298.6
140,3,118,5,2,hybrid,1023.24,298.6
140,3,141,6,2,hybrid,1029.528,298.6
140,3,165,7,2,hybrid,1093.032,299.6
140,3,189,8,2,hybrid,1059.36,300
140,3,212,9,2,hybrid,1067.654,300.8
200,3,0,0,2,hybrid,2460.406,329
200,3,28,1,2,hybrid,2488.882,328.8
200,3,56,2,2,hybrid,2504.352,329.2
200,3,84,3,2,hybrid,2639.702,329
200,3,113,4,2,hybrid,2658.644,329
200,3,141,5,2,hybrid,2672.482,329.2
200,3,169,6,2,hybrid,2816.174,329.6
200,3,197,7,2,hybrid,2833.102,330
200,3,226,8,2,hybrid,2717.79,330
200,3,254,9,2,hybrid,3000.506,331.4
20,2,0,0,3,hybrid,1.085309,25
20,2,8,1,3,hybrid,1.178813,25.4
20,2,17,2,3,hybrid,1.620562,24.8
20,2,26,3,3,hybrid,1.2887198,25.4
20,2,35,4,3,hybrid,1.2793624,25.4
20,2,44,5,3,hybrid,2.03264,25.6
20,2,53,6,3,hybrid,1.790236,24.6
20,2,62,7,3,hybrid,1.543634,25.4
20,2,71,8,3,hybrid,1.718076,25.2
20,2,80,9,3,hybrid,1.381946,25.2
80,2,0,0,3,hybrid,3.610334,38.2
80,2,17,1,3,hybrid,4.495866,37.8
80,2,35,2,3,hybrid,4.54879,38
80,2,53,3,3,hybrid,4.651792,38
80,2,71,4,3,hybrid,5.265608,38.2
80,2,89,5,3,hybrid,4.830572,37.6
80,2,107,6,3,hybrid,6.302212,37.2
80,2,125,7,3,hybrid,5.053652,38
80,2,143,8,3,hybrid,6.445104,37.8
80,2,160,9,3,hybrid,6.686258,37.6
140,2,0,0,3,hybrid,7.56397,42.8
140,2,23,1,3,hybrid,7.271102,43.2
140,2,47,2,3,hybrid,8.109674,42.6
140,2,70,3,3,hybrid,8.552656,42.8
140,2,94,4,3,hybrid,8.435174,43.6
140,2,118,5,3,hybrid,7.24739,43.8
140,2,141,6,3,hybrid,9.520352,42.6
140,2,165,7,3,hybrid,10.32839,42.8
140,2,189,8,3,hybrid,10.082174,42.6
140,2,212,9,3,hybrid,8.072582,43.2
200,2,0,0,3,hybrid,7.732288,46.4
200,2,28,1,3,hybrid,8.912688,46.4
200,2,56,2,3,hybrid,6.688708,47
200,2,84,3,3,hybrid,15.90306,45.2
200,2,113,4,3,hybrid,6.933606,46.8
200,2,141,5,3,hybrid,6.841148,46.8
200,2,169,6,3,hybrid,7.436022,47
200,2,197,7,3,hybrid,13.093098,46
200,2,226,8,3,hybrid,6.879162,46.8
200,2,254,9,3,hybrid,8.634938,47
20,3,0,0,3,hybrid,18.081918,126.2
20,3,8,1,3,hybrid,24.51252,126
20,3,17,2,3,hybrid,23.56024,126.8
20,3,26,3,3,hybrid,21.819028,126.6
20,3,35,4,3,hybrid,30.55956,127
20,3,44,5,3,hybrid,28.84984,126.8
20,3,53,6,3,hybrid,24.42586,128
20,3,62,7,3,hybrid,27.98812,127.4
20,3,71,8,3,hybrid,26.26696,128.4
20,3,80,9,3,hybrid,14.205936,130.2
80,3,0,0,3,hybrid,259.582,244.8
80,3,17,1,3,hybrid,267.3908,243.6
80,3,35,2,3,hybrid,270.7032,243.8
80,3,53,3,3,hybrid,275.0108,244.6
80,3,71,4,3,hybrid,276.7366,245.2
80,3,89,5,3,hybrid,280.1234,245.2
80,3,107,6,3,hybrid,296.9988,245.2
80,3,125,7,3,hybrid,285.4994,245.4
80,3,143,8,3,hybrid,287.2824,245
80,3,160,9,3,hybrid,289.3706,244.6
140,3,0,0,3,hybrid,977.4038,298.4
140,3,23,1,3,hybrid,993.7946,298.6
140,3,47,2,3,hybrid,1000.6348,298
140,3,70,3,3,hybrid,1003.0554,298.4
140,3,94,4,3,hybrid,1009.8618,298.6
140,3,118,5,3,hybrid,1015.3432,298.8
140,3,141,6,3,hybrid,1017.7182,297.8
140,3,165,7,3,hybrid,1024.388,297.8
140,3,189,8,3,hybrid,1029.454,298.4
140,3,212,9,3,hybrid,1035.45,298.4
200,3,0,0,3,hybrid,2599.892,328.6
200,3,28,1,3,hybrid,2504.306,328.8
200,3,56,2,3,hybrid,2754.46,329.2
200,3,84,3,3,hybrid,2525.182,329
200,3,113,4,3,hybrid,2534.622,328.8
200,3,141,5,3,hybrid,2661.628,329
200,3,169,6,3,hybrid,2552.304,328.8
200,3,197,7,3,hybrid,2691.42,329.2
200,3,226,8,3,hybrid,2569.27,329
200,3,254,9,3,hybrid,2705.132,329.2
20,2,0,0,4,hybrid,0.9851892,25.4
20,2,8,1,4,hybrid,1.643366,24.8
20,2,17,2,4,hybrid,1.286637,25
20,2,26,3,4,hybrid,1.395532,25.2
20,2,35,4,4,hybrid,1.901468,24.4
20,2,44,5,4,hybrid,1.265612,25.4
20,2,53,6,4,hybrid,1.767002,24.8
20,2,62,7,4,hybrid,1.2305746,25.2
20,2,71,8,4,hybrid,1.3065634,25.4
20,2,80,9,4,hybrid,1.663248,25.2
80,2,0,0,4,hybrid,3.566694,38
80,2,17,1,4,hybrid,3.499006,38.6
80,2,35,2,4,hybrid,4.424232,38
80,2,53,3,4,hybrid,4.71011,38
80,2,71,4,4,hybrid,4.604448,37.8
80,2,89,5,4,hybrid,4.280758,38.2
80,2,107,6,4,hybrid,6.021582,37.6
80,2,125,7,4,hybrid,5.820738,37.6
80,2,143,8,4,hybrid,5.118574,37.8
80,2,160,9,4,hybrid,5.155956,38.2
140,2,0,0,4,hybrid,6.664908,42.6
140,2,23,1,4,hybrid,8.050884,42.8
140,2,47,2,4,hybrid,8.018726,43.4
140,2,70,3,4,hybrid,7.723078,43.2
140,2,94,4,4,hybrid,7.166914,43.2
140,2,118,5,4,hybrid,8.820256,43.2
140,2,141,6,4,hybrid,9.964004,43
140,2,165,7,4,hybrid,8.73216,43.4
140,2,189,8,4,hybrid,9.719744,42.8
140,2,212,9,4,hybrid,7.260366,43.8
200,2,0,0,4,hybrid,6.14128,47.2
200,2,28,1,4,hybrid,8.96116,46.6
200,2,56,2,4,hybrid,6.994488,47
200,2,84,3,4,hybrid,6.948952,47
200,2,113,4,4,hybrid,5.933428,46.8
200,2,141,5,4,hybrid,6.87356,46.8
200,2,169,6,4,hybrid,6.322378,46.8
200,2,197,7,4,hybrid,9.465424,46.4
200,2,226,8,4,hybrid,10.410358,46.6
200,2,254,9,4,hybrid,14.816048,45.6
20,3,0,0,4,hybrid,19.01386,126.8
20,3,8,1,4,hybrid,18.085678,126.4
20,3,17,2,4,hybrid,21.140068,126.8
20,3,26,3,4,hybrid,19.690774,127
20,3,35,4,4,hybrid,25.86268,126
20,3,44,5,4,hybrid,20.861524,127
20,3,53,6,4,hybrid,28.81961,125.8
20,3,62,7,4,hybrid,21.452794,126.2
20,3,71,8,4,hybrid,20.411538,126.4
20,3,80,9,4,hybrid,29.230152,125.4
80,3,0,0,4,hybrid,256.8574,244.2
80,3,17,1,4,hybrid,265.9454,244.4
80,3,35,2,4,hybrid,279.4094,244.2
80,3,53,3,4,hybrid,285.0924,244.6
80,3,71,4,4,hybrid,270.389,244.4
80,3,89,5,4,hybrid,272.1556,244.4
80,3,107,6,4,hybrid,275.3968,244
80,3,125,7,4,hybrid,276.5612,245
80,3,143,8,4,hybrid,277.7886,244.2
80,3,160,9,4,hybrid,279.2742,244.2
140,3,0,0,4,hybrid,967.6018,298
140,3,23,1,4,hybrid,984.3472,298.2
140,3,47,2,4,hybrid,988.3398,298.4
140,3,70,3,4,hybrid,990.4714,298.2
140,3,94,4,4,hybrid,991.9682,298.2
140,3,118,5,4,hybrid,996.9778,297.6
140,3,141,6,4,hybrid,997.8032,298.4
140,3,165,7,4,hybrid,1005.1262,298.6
140,3,189,8,4,hybrid,1007.6192,298.2
140,3,212,9,4,hybrid,1009.2224,298.2
200,3,0,0,4,hybrid,2579.752,329
200,3,28,1,4,hybrid,2483.882,328.8
200,3,56,2,4,hybrid,2605.284,329
200,3,84,3,4,hybrid,2491.874,328.6
200,3,113,4,4,hybrid,2499.27,328.8
200,3,141,5,4,hybrid,2620.452,328.6
200,3,169,6,4,hybrid,2634.108,329
200,3,197,7,4,hybrid,2642.656,329
200,3,226,8,4,hybrid,2523.734,328.8
200,3,254,9,4,hybrid,2648.966,329
20,2,0,0,5,hybrid,1.6059656,24.6
20,2,8,1,5,hybrid,1.1198716,25.4
20,2,17,2,5,hybrid,1.8101506,25
20,2,26,3,5,hybrid,1.261103,25.4
20,2,35,4,5,hybrid,1.36335,25.4
20,2,44,5,5,hybrid,1.4895268,25
20,2,53,6,5,hybrid,1.7965488,25.2
20,2,62,7,5,hybrid,1.49515,25.2
20,2,71,8,5,hybrid,1.7477734,25
20,2,80,9,5,hybrid,1.51035,25
80,2,0,0,5,hybrid,4.41909,38
80,2,17,1,5,hybrid,4.492132,38
80,2,35,2,5,hybrid,5.641368,38.2
80,2,53,3,5,hybrid,4.636254,37.8
80,2,71,4,5,hybrid,5.844126,37.8
80,2,89,5,5,hybrid,3.94873,38.6
80,2,107,6,5,hybrid,4.351904,38.2
80,2,125,7,5,hybrid,6.122856,38
80,2,143,8,5,hybrid,5.273032,38.2
80,2,160,9,5,hybrid,4.947128,38.2
140,2,0,0,5,hybrid,7.05082,42.6
140,2,23,1,5,hybrid,9.101198,42.8
140,2,47,2,5,hybrid,9.833632,42.6
140,2,70,3,5,hybrid,8.003536,43.4
140,2,94,4,5,hybrid,9.898288,42.6
140,2,118,5,5,hybrid,8.648076,43.4
140,2,141,6,5,hybrid,8.691888,42.6
140,2,165,7,5,hybrid,8.708718,43.6
140,2,189,8,5,hybrid,9.132878,42.8
140,2,212,9,5,hybrid,10.08438,42.8
200,2,0,0,5,hybrid,5.939796,47
200,2,28,1,5,hybrid,7.23486,46.8
200,2,56,2,5,hybrid,9.318038,46.6
200,2,84,3,5,hybrid,10.75235,45.8
200,2,113,4,5,hybrid,5.975152,46.8
200,2,141,5,5,hybrid,8.910838,46.4
200,2,169,6,5,hybrid,4.968612,47.4
200,2,197,7,5,hybrid,6.742504,46.8
200,2,226,8,5,hybrid,8.199254,46.8
200,2,254,9,5,hybrid,7.47902,46.8
20,3,0,0,5,hybrid,26.25796,125.2
20,3,8,1,5,hybrid,23.75996,126
20,3,17,2,5,hybrid,19.028706,126.2
20,3,26,3,5,hybrid,21.87547,126.6
20,3,35,4,5,hybrid,30.07002,126
20,3,44,5,5,hybrid,22.949462,127
20,3,53,6,5,hybrid,25.058256,126.6
20,3,62,7,5,hybrid,20.235488,126.6
20,3,71,8,5,hybrid,25.21148,126.6
20,3,80,9,5,hybrid,26.64972,125.4
80,3,0,0,5,hybrid,259.2788,244.4
80,3,17,1,5,hybrid,269.0156,245.2
80,3,35,2,5,hybrid,269.3676,243.6
80,3,53,3,5,hybrid,271.6132,244.6
80,3,71,4,5,hybrid,272.875,244.2
80,3,89,5,5,hybrid,273.551,243.6
80,3,107,6,5,hybrid,275.324,244.2
80,3,125,7,5,hybrid,276.3862,244.2
80,3,143,8,5,hybrid,291.6044,244.4
80,3,160,9,5,hybrid,278.4198,244
140,3,0,0,5,hybrid,977.5942,297.8
140,3,23,1,5,hybrid,991.8574,298.4
140,3,47,2,5,hybrid,995.6848,298
140,3,70,3,5,hybrid,998.8678,298.4
140,3,94,4,5,hybrid,999.6768,298.4
140,3,118,5,5,hybrid,1001.9234,298.2
140,3,141,6,5,hybrid,1003.7884,298.2
140,3,165,7,5,hybrid,1007.2182,297.6
140,3,189,8,5,hybrid,1010.5998,298.2
140,3,212,9,5,hybrid,1013.4734,298.4
200,3,0,0,5,hybrid,2598.914,329
200,3,28,1,5,hybrid,2501.966,328.8
200,3,56,2,5,hybrid,2631.314,329.2
200,3,84,3,5,hybrid,2512.59,328.8
200,3,113,4,5,hybrid,2630.968,329
200,3,141,5,5,hybrid,2518.114,328.8
200,3,169,6,5,hybrid,2652.84,329.2
200,3,197,7,5,hybrid,2528.398,329
200,3,226,8,5,hybrid,2653.056,329
200,3,254,9,5,hybrid,2536.434,329.2
20,2,0,0,2,hybrid-fast,0.3,31.8
20,2,8,1,2,hybrid-fast,0.39,32
20,2,17,2,2,hybrid-fast,0.39,32
20,2,26,3,2,hybrid-fast,0.4,32
20,2,35,4,2,hybrid-fast,0.43,32
20,2,44,5,2,hybrid-fast,0.57,32.4
20,2,53,6,2,hybrid-fast,0.6,32.8
20,2,62,7,2,hybrid-fast,0.79,33.4
20,2,71,8,2,hybrid-fast,1.08,33.6
20,2,80,9,2,hybrid-fast,1.24,34.8
80,2,0,0,2,hybrid-fast,0.78,46.2
80,2,17,1,2,hybrid-fast,0.82,46.2
80,2,35,2,2,hybrid-fast,0.75,46
80,2,53,3,2,hybrid-fast,0.95,46.4
80,2,71,4,2,hybrid-fast,0.9,46.2
80,2,89,5,2,hybrid-fast,0.84,46
80,2,107,6,2,hybrid-fast,1.01,46.4
80,2,125,7,2,hybrid-fast,1.32,47.6
80,2,143,8,2,hybrid-fast,1.34,47
80,2,160,9,2,hybrid-fast,1.31,47.2
140,2,0,0,2,hybrid-fast,1.14,51.6
140,2,23,1,2,hybrid-fast,1.32,51.8
140,2,47,2,2,hybrid-fast,1.17,51.6
140,2,70,3,2,hybrid-fast,1.52,52.2
140,2,94,4,2,hybrid-fast,1.36,51.8
140,2,118,5,2,hybrid-fast,1.74,52.6
140,2,141,6,2,hybrid-fast,1.94,52.8
140,2,165,7,2,hybrid-fast,1.84,52.6
140,2,189,8,2,hybrid-fast,1.91,52.8
140,2,212,9,2,hybrid-fast,1.99,53.2
200,2,0,0,2,hybrid-fast,1.72,54.8
200,2,28,1,2,hybrid-fast,1.97,55
200,2,56,2,2,hybrid-fast,2.1,55.2
200,2,84,3,2,hybrid-fast,2.04,55
200,2,113,4,2,hybrid-fast,1.98,54.8
200,2,141,5,2,hybrid-fast,2.33,55.6
200,2,169,6,2,hybrid-fast,2.37,55.6
200,2,197,7,2,hybrid-fast,2.44,55.8
200,2,226,8,2,hybrid-fast,2.65,56.2
200,2,254,9,2,hybrid-fast,2.54,55.8
20,3,0,0,2,hybrid-fast,1.22,148.2
20,3,8,1,2,hybrid-fast,1.66,148.2
20,3,17,2,2,hybrid-fast,1.86,148.4
20,3,26,3,2,hybrid-fast,2.03,148.2
20,3,35,4,2,hybrid-fast,2.58,149
20,3,44,5,2,hybrid-fast,2.5,148.2
20,3,53,6,2,hybrid-fast,3.47,150.2
20,3,62,7,2,hybrid-fast,4.41,151.4
20,3,71,8,2,hybrid-fast,5.15,154.8
20,3,80,9,2,hybrid-fast,6.71,157.4
80,3,0,0,2,hybrid-fast,15.91,267.4
80,3,17,1,2,hybrid-fast,16.94,267.6
80,3,35,2,2,hybrid-fast,17.31,267.6
80,3,53,3,2,hybrid-fast,17.71,268
80,3,71,4,2,hybrid-fast,18.28,268.6
80,3,89,5,2,hybrid-fast,18.8,268.8
80,3,107,6,2,hybrid-fast,19,268.8
80,3,125,7,2,hybrid-fast,23.06,270.4
80,3,143,8,2,hybrid-fast,26,270.8
80,3,160,9,2,hybrid-fast,26.51,272.8
140,3,0,0,2,hybrid-fast,55.97,327.8
140,3,23,1,2,hybrid-fast,58.06,327.8
140,3,47,2,2,hybrid-fast,58.57,328
140,3,70,3,2,hybrid-fast,59.24,328.4
140,3,94,4,2,hybrid-fast,59.69,328.8
140,3,118,5,2,hybrid-fast,60.35,328.6
140,3,141,6,2,hybrid-fast,60.94,328.8
140,3,165,7,2,hybrid-fast,61.24,329.2
140,3,189,8,2,hybrid-fast,61.85,329.6
140,3,212,9,2,hybrid-fast,62.71,330.2
200,3,0,0,2,hybrid-fast,140.23,362.6
200,3,28,1,2,hybrid-fast,143.18,362.6
200,3,56,2,2,hybrid-fast,144.69,363
200,3,84,3,2,hybrid-fast,145.52,362.8
200,3,113,4,2,hybrid-fast,146.16,363.4
200,3,141,5,2,hybrid-fast,147.23,363.6
200,3,169,6,2,hybrid-fast,147.81,363.6
200,3,197,7,2,hybrid-fast,148.59,363.6
200,3,226,8,2,hybrid-fast,149.57,363.8
200,3,254,9,2,hybrid-fast,150.33,364.2
20,2,0,0,3,hybrid-fast,0.28,31.8
20,2,8,1,3,hybrid-fast,0.3,31.8
20,2,17,2,3,hybrid-fast,0.31,31.8
20,2,26,3,3,hybrid-fast,0.3,31.8
20,2,35,4,3,hybrid-fast,0.38,32
20,2,44,5,3,hybrid-fast,0.39,32
20,2,53,6,3,hybrid-fast,0.32,31.8
20,2,62,7,3,hybrid-fast,0.4,32
20,2,71,8,3,hybrid-fast,0.5,32.4
20,2,80,9,3,hybrid-fast,0.39,32
80,2,0,0,3,hybrid-fast,0.77,46.2
80,2,17,1,3,hybrid-fast,0.86,46.2
80,2,35,2,3,hybrid-fast,0.8,46
80,2,53,3,3,hybrid-fast,0.76,46
80,2,71,4,3,hybrid-fast,0.97,46.4
80,2,89,5,3,hybrid-fast,1,46.4
80,2,107,6,3,hybrid-fast,0.79,46
80,2,125,7,3,hybrid-fast,0.91,46.2
80,2,143,8,3,hybrid-fast,0.89,46.2
80,2,160,9,3,hybrid-fast,0.92,46.2
140,2,0,0,3,hybrid-fast,1.11,51.8
140,2,23,1,3,hybrid-fast,1.19,51.6
140,2,47,2,3,hybrid-fast,1.34,52
140,2,70,3,3,hybrid-fast,1.23,51.6
140,2,94,4,3,hybrid-fast,1.33,51.8
140,2,118,5,3,hybrid-fast,1.24,51.8
140,2,141,6,3,hybrid-fast,1.23,51.6
140,2,165,7,3,hybrid-fast,1.34,51.8
140,2,189,8,3,hybrid-fast,1.34,51.8
140,2,212,9,3,hybrid-fast,1.46,52
200,2,0,0,3,hybrid-fast,1.7,54.8
200,2,28,1,3,hybrid-fast,1.85,54.8
200,2,56,2,3,hybrid-fast,1.98,55
200,2,84,3,3,hybrid-fast,1.88,54.8
200,2,113,4,3,hybrid-fast,1.92,55
200,2,141,5,3,hybrid-fast,1.81,54.6
200,2,169,6,3,hybrid-fast,1.99,54.8
200,2,197,7,3,hybrid-fast,2.01,54.8
200,2,226,8,3,hybrid-fast,2.15,55.2
200,2,254,9,3,hybrid-fast,1.86,54.6
20,3,0,0,3,hybrid-fast,1.49,148.4
20,3,8,1,3,hybrid-fast,1.56,148.2
20,3,17,2,3,hybrid-fast,1.64,148.2
20,3,26,3,3,hybrid-fast,1.72,148.2
20,3,35,4,3,hybrid-fast,1.61,148.2
20,3,44,5,3,hybrid-fast,1.88,148.2
20,3,53,6,3,hybrid-fast,1.95,148.2
20,3,62,7,3,hybrid-fast,1.78,148.2
20,3,71,8,3,hybrid-fast,2.02,148.2
20,3,80,9,3,hybrid-fast,1.84,148.2
80,3,0,0,3,hybrid-fast,15.69,267.2
80,3,17,1,3,hybrid-fast,16.62,267.4
80,3,35,2,3,hybrid-fast,16.94,267.2
80,3,53,3,3,hybrid-fast,17.34,267.6
80,3,71,4,3,hybrid-fast,17.45,267.6
80,3,89,5,3,hybrid-fast,17.53,267.2
80,3,107,6,3,hybrid-fast,18.13,268.2
80,3,125,7,3,hybrid-fast,18.11,267.8
80,3,143,8,3,hybrid-fast,17.77,267.8
80,3,160,9,3,hybrid-fast,18.45,268
140,3,0,0,3,hybrid-fast,56.35,327.8
140,3,23,1,3,hybrid-fast,57.94,328.2
140,3,47,2,3,hybrid-fast,57.78,327.6
140,3,70,3,3,hybrid-fast,58.16,328
140,3,94,4,3,hybrid-fast,58.6,328.4
140,3,118,5,3,hybrid-fast,58.74,328
140,3,141,6,3,hybrid-fast,59.04,328.4
140,3,165,7,3,hybrid-fast,59.43,328.2
140,3,189,8,3,hybrid-fast,59.57,328.2
140,3,212,9,3,hybrid-fast,59.79,328
200,3,0,0,3,hybrid-fast,139.32,362.8
200,3,28,1,3,hybrid-fast,141.79,362.8
200,3,56,2,3,hybrid-fast,142.43,363
200,3,84,3,3,hybrid-fast,142.92,362.8
200,3,113,4,3,hybrid-fast,143.78,363.2
200,3,141,5,3,hybrid-fast,143.89,362.8
200,3,169,6,3,hybrid-fast,144.34,363.4
200,3,197,7,3,hybrid-fast,144.46,363
200,3,226,8,3,hybrid-fast,144.92,362.8
200,3,254,9,3,hybrid-fast,145.36,362.8
20,2,0,0,4,hybrid-fast,0.37,32
20,2,8,1,4,hybrid-fast,0.31,31.8
20,2,17,2,4,hybrid-fast,0.39,32
20,2,26,3,4,hybrid-fast,0.33,31.8
20,2,35,4,4,hybrid-fast,0.32,31.8
20,2,44,5,4,hybrid-fast,0.32,31.8
20,2,53,6,4,hybrid-fast,0.4,32
20,2,62,7,4,hybrid-fast,0.31,31.8
20,2,71,8,4,hybrid-fast,0.41,32
20,2,80,9,4,hybrid-fast,0.41,32
80,2,0,0,4,hybrid-fast,0.85,46.4
80,2,17,1,4,hybrid-fast,0.76,46
80,2,35,2,4,hybrid-fast,0.84,46.2
80,2,53,3,4,hybrid-fast,1.18,46.8
80,2,71,4,4,hybrid-fast,0.72,46
80,2,89,5,4,hybrid-fast,0.71,46
80,2,107,6,4,hybrid-fast,0.85,46.2
80,2,125,7,4,hybrid-fast,0.83,46
80,2,143,8,4,hybrid-fast,0.77,46
80,2,160,9,4,hybrid-fast,0.75,46
140,2,0,0,4,hybrid-fast,1.11,51.6
140,2,23,1,4,hybrid-fast,1.31,51.8
140,2,47,2,4,hybrid-fast,1.3,51.8
140,2,70,3,4,hybrid-fast,1.37,51.8
140,2,94,4,4,hybrid-fast,1.26,51.8
140,2,118,5,4,hybrid-fast,1.32,51.8
140,2,141,6,4,hybrid-fast,1.35,51.8
140,2,165,7,4,hybrid-fast,1.3,51.8
140,2,189,8,4,hybrid-fast,1.46,52
140,2,212,9,4,hybrid-fast,1.22,51.6
200,2,0,0,4,hybrid-fast,1.71,54.8
200,2,28,1,4,hybrid-fast,1.83,54.8
200,2,56,2,4,hybrid-fast,1.9,54.8
200,2,84,3,4,hybrid-fast,1.84,54.8
200,2,113,4,4,hybrid-fast,1.79,54.6
200,2,141,5,4,hybrid-fast,1.85,54.6
200,2,169,6,4,hybrid-fast,2.13,55
200,2,197,7,4,hybrid-fast,2,54.8
200,2,226,8,4,hybrid-fast,2.16,55
200,2,254,9,4,hybrid-fast,2.25,55
20,3,0,0,4,hybrid-fast,1.61,148.4
20,3,8,1,4,hybrid-fast,1.55,148.2
20,3,17,2,4,hybrid-fast,1.6,148.2
20,3,26,3,4,hybrid-fast,1.6,148.2
20,3,35,4,4,hybrid-fast,1.78,148.4
20,3,44,5,4,hybrid-fast,1.42,148.2
20,3,53,6,4,hybrid-fast,1.56,148.2
20,3,62,7,4,hybrid-fast,1.74,148.4
20,3,71,8,4,hybrid-fast,1.77,148.2
20,3,80,9,4,hybrid-fast,1.62,148.2
80,3,0,0,4,hybrid-fast,15.81,268.2
80,3,17,1,4,hybrid-fast,16.8,267.6
80,3,35,2,4,hybrid-fast,16.97,267.6
80,3,53,3,4,hybrid-fast,17.03,267.2
80,3,71,4,4,hybrid-fast,17.35,267.4
80,3,89,5,4,hybrid-fast,17.32,267.4
80,3,107,6,4,hybrid-fast,17.69,268
80,3,125,7,4,hybrid-fast,17.71,267.8
80,3,143,8,4,hybrid-fast,17.61,267.4
80,3,160,9,4,hybrid-fast,17.9,267.8
140,3,0,0,4,hybrid-fast,56.06,328.2
140,3,23,1,4,hybrid-fast,57.89,328.2
140,3,47,2,4,hybrid-fast,58.2,328
140,3,70,3,4,hybrid-fast,58.46,328
140,3,94,4,4,hybrid-fast,58.54,328
140,3,118,5,4,hybrid-fast,58.82,328
140,3,141,6,4,hybrid-fast,58.79,328
140,3,165,7,4,hybrid-fast,59.11,328
140,3,189,8,4,hybrid-fast,59.18,328.2
140,3,212,9,4,hybrid-fast,59.28,328
200,3,0,0,4,hybrid-fast,140.44,362.6
200,3,28,1,4,hybrid-fast,143.08,363
200,3,56,2,4,hybrid-fast,143.43,363
200,3,84,3,4,hybrid-fast,143.67,362.8
200,3,113,4,4,hybrid-fast,143.61,362.6
200,3,141,5,4,hybrid-fast,143.72,362.8
200,3,169,6,4,hybrid-fast,144.17,363.2
200,3,197,7,4,hybrid-fast,144.68,363
200,3,226,8,4,hybrid-fast,144.76,362.8
200,3,254,9,4,hybrid-fast,145.07,362.6
20,2,0,0,5,hybrid-fast,0.29,31.8
20,2,8,1,5,hybrid-fast,0.32,31.8
20,2,17,2,5,hybrid-fast,0.31,31.8
20,2,26,3,5,hybrid-fast,0.3,31.8
20,2,35,4,5,hybrid-fast,0.4,32.2
20,2,44,5,5,hybrid-fast,0.31,31.8
20,2,53,6,5,hybrid-fast,0.4,32
20,2,62,7,5,hybrid-fast,0.31,31.8
20,2,71,8,5,hybrid-fast,0.31,31.8
20,2,80,9,5,hybrid-fast,0.32,31.8
80,2,0,0,5,hybrid-fast,0.89,46.4
80,2,17,1,5,hybrid-fast,0.95,46.4
80,2,35,2,5,hybrid-fast,0.8,46.2
80,2,53,3,5,hybrid-fast,0.77,46
80,2,71,4,5,hybrid-fast,0.77,46
80,2,89,5,5,hybrid-fast,0.88,46.2
80,2,107,6,5,hybrid-fast,0.8,46
80,2,125,7,5,hybrid-fast,1.04,46.4
80,2,143,8,5,hybrid-fast,0.82,46
80,2,160,9,5,hybrid-fast,0.74,46
140,2,0,0,5,hybrid-fast,1.09,51.6
140,2,23,1,5,hybrid-fast,1.29,51.8
140,2,47,2,5,hybrid-fast,1.29,51.8
140,2,70,3,5,hybrid-fast,1.17,51.6
140,2,94,4,5,hybrid-fast,1.34,51.8
140,2,118,5,5,hybrid-fast,1.75,52.4
140,2,141,6,5,hybrid-fast,1.34,51.8
140,2,165,7,5,hybrid-fast,1.55,52
140,2,189,8,5,hybrid-fast,1.33,51.8
140,2,212,9,5,hybrid-fast,1.39,51.8
200,2,0,0,5,hybrid-fast,1.91,55.4
200,2,28,1,5,hybrid-fast,1.83,54.8
200,2,56,2,5,hybrid-fast,1.78,54.6
200,2,84,3,5,hybrid-fast,1.85,54.6
200,2,113,4,5,hybrid-fast,2.21,55.2
200,2,141,5,5,hybrid-fast,2.11,55
200,2,169,6,5,hybrid-fast,2.14,55
200,2,197,7,5,hybrid-fast,1.86,54.8
200,2,226,8,5,hybrid-fast,2.06,54.8
200,2,254,9,5,hybrid-fast,2.03,54.8
20,3,0,0,5,hybrid-fast,1.3,148.2
20,3,8,1,5,hybrid-fast,1.56,148.2
20,3,17,2,5,hybrid-fast,1.72,148.4
20,3,26,3,5,hybrid-fast,1.49,148.2
20,3,35,4,5,hybrid-fast,1.56,148.2
20,3,44,5,5,hybrid-fast,1.66,148.2
20,3,53,6,5,hybrid-fast,1.57,148.4
20,3,62,7,5,hybrid-fast,1.71,148.2
20,3,71,8,5,hybrid-fast,1.7,148.2
20,3,80,9,5,hybrid-fast,1.78,148.2
80,3,0,0,5,hybrid-fast,15.68,267.4
80,3,17,1,5,hybrid-fast,16.69,267.2
80,3,35,2,5,hybrid-fast,16.95,267.4
80,3,53,3,5,hybrid-fast,16.44,267.4
80,3,71,4,5,hybrid-fast,17.6,268.2
80,3,89,5,5,hybrid-fast,17.4,268
80,3,107,6,5,hybrid-fast,17.76,268.2
80,3,125,7,5,hybrid-fast,17.26,267.4
80,3,143,8,5,hybrid-fast,17.23,267.4
80,3,160,9,5,hybrid-fast,17.29,267.6
140,3,0,0,5,hybrid-fast,55.58,327.8
140,3,23,1,5,hybrid-fast,57.57,328
140,3,47,2,5,hybrid-fast,57.88,328
140,3,70,3,5,hybrid-fast,58.29,328.6
140,3,94,4,5,hybrid-fast,58.4,328.8
140,3,118,5,5,hybrid-fast,58.35,328
140,3,141,6,5,hybrid-fast,58.4,328.2
140,3,165,7,5,hybrid-fast,58.47,328.2
140,3,189,8,5,hybrid-fast,58.62,327.6
140,3,212,9,5,hybrid-fast,58.67,327.8
200,3,0,0,5,hybrid-fast,139.39,362.8
200,3,28,1,5,hybrid-fast,141.9,362.4
200,3,56,2,5,hybrid-fast,142.59,362.8
200,3,84,3,5,hybrid-fast,142.6,362.8
200,3,113,4,5,hybrid-fast,142.87,363
200,3,141,5,5,hybrid-fast,143.15,362.8
200,3,169,6,5,hybrid-fast,143.18,363.2
200,3,197,7,5,hybrid-fast,143.35,363.4
200,3,226,8,5,hybrid-fast,143.31,362.6
200,3,254,9,5,hybrid-fast,143.51,362.8
20,2,0,0,2,pict,0.008977604,29.4
20,2,8,1,2,pict,0.00944109,30.2
20,2,17,2,2,pict,0.009577513,31
20,2,26,3,2,pict,0.009839582,32.4
20,2,35,4,2,pict,0.010124397,34.4
20,2,44,5,2,pict,0.010503197,35.2
20,2,53,6,2,pict,0.011024618,36.6
20,2,62,7,2,pict,0.011765432,40.2
20,2,71,8,2,pict,0.011774015,42.2
20,2,80,9,2,pict,0.012082624,43.2
80,2,0,0,2,pict,0.049040794,45.8
80,2,17,1,2,pict,0.050195551,46.2
80,2,35,2,2,pict,0.051463461,46.6
80,2,53,3,2,pict,0.05294652,47.8
80,2,71,4,2,pict,0.057491875,52.2
80,2,89,5,2,pict,0.057661581,51.2
80,2,107,6,2,pict,0.060360241,53.8
80,2,125,7,2,pict,0.065378189,58.4
80,2,143,8,2,pict,0.068576193,61.8
80,2,160,9,2,pict,0.074330568,67.8
140,2,0,0,2,pict,0.160477448,52.2
140,2,23,1,2,pict,0.162888765,52.8
140,2,47,2,2,pict,0.16889739,54.4
140,2,70,3,2,pict,0.169316912,54.6
140,2,94,4,2,pict,0.174328804,55.8
140,2,118,5,2,pict,0.179384565,57
140,2,141,6,2,pict,0.189878416,60.4
140,2,165,7,2,pict,0.196935081,61.8
140,2,189,8,2,pict,0.207195425,66
140,2,212,9,2,pict,0.220185661,70
200,2,0,0,2,pict,0.354515219,55.6
200,2,28,1,2,pict,0.366921854,56.6
200,2,56,2,2,pict,0.369237471,57.2
200,2,84,3,2,pict,0.380193853,58.6
200,2,113,4,2,pict,0.393954945,60.2
200,2,141,5,2,pict,0.416057634,63.6
200,2,169,6,2,pict,0.443528366,68
200,2,197,7,2,pict,0.471015263,72.2
200,2,226,8,2,pict,0.466876984,69.6
200,2,254,9,2,pict,0.506233835,77.2
20,3,0,0,2,pict,0.125722837,146
20,3,8,1,2,pict,0.130129528,148.6
20,3,17,2,2,pict,0.131814766,156.2
20,3,26,3,2,pict,0.138515759,162.4
20,3,35,4,2,pict,0.140384102,170.8
20,3,44,5,2,pict,0.157723999,177.6
20,3,53,6,2,pict,0.146434736,181.8
20,3,62,7,2,pict,0.158605385,195.6
20,3,71,8,2,pict,0.166226816,210.4
20,3,80,9,2,pict,0.177836609,221.2
80,3,0,0,2,pict,18.46817327,275
80,3,17,1,2,pict,20.1054503,278
80,3,35,2,2,pict,18.31599655,282
80,3,53,3,2,pict,20.7728466,292
80,3,71,4,2,pict,19.37176623,302
80,3,89,5,2,pict,22.55285163,316
80,3,107,6,2,pict,20.87741566,329.4
80,3,125,7,2,pict,22.14495392,345.2
80,3,143,8,2,pict,23.01009936,376.6
80,3,160,9,2,pict,26.32137299,393.2
140,3,0,0,2,pict,128.4954161,331.6
140,3,23,1,2,pict,160.7707582,336.4
140,3,47,2,2,pict,128.8610365,338.6
140,3,70,3,2,pict,142.5682509,347
140,3,94,4,2,pict,131.8367157,353.4
140,3,118,5,2,pict,158.2538513,360.4
140,3,141,6,2,pict,137.4039698,376.6
140,3,165,7,2,pict,151.5185824,384.6
140,3,189,8,2,pict,150.2624622,416.2
140,3,212,9,2,pict,246.6691974,428.2
200,3,0,0,2,pict,528.8505939,364.2
200,3,28,1,2,pict,543.3378774,368
200,3,56,2,2,pict,562.9430866,371.4
200,3,84,3,2,pict,535.4043406,375.2
200,3,113,4,2,pict,569.7078488,385.2
200,3,141,5,2,pict,536.4277949,391.8
200,3,169,6,2,pict,601.9698623,410.8
200,3,197,7,2,pict,505.0474254,424.2
200,3,226,8,2,pict,558.4222427,434.2
200,3,254,9,2,pict,601.5152888,443.8
20,2,0,0,3,pict,0.025583172,29.4
20,2,8,1,3,pict,0.017750168,30.2
20,2,17,2,3,pict,0.018286943,30
20,2,26,3,3,pict,0.020095205,30.4
20,2,35,4,3,pict,0.02116065,30.4
20,2,44,5,3,pict,0.022798681,31.6
20,2,53,6,3,pict,0.024204397,31.6
20,2,62,7,3,pict,0.025184393,31.2
20,2,71,8,3,pict,0.028753233,32.6
20,2,80,9,3,pict,0.042068386,34
80,2,0,0,3,pict,0.123847246,45.8
80,2,17,1,3,pict,0.117051744,46
80,2,35,2,3,pict,0.137301016,45.8
80,2,53,3,3,pict,0.142181683,46.2
80,2,71,4,3,pict,0.137614822,46.2
80,2,89,5,3,pict,0.118647003,46.4
80,2,107,6,3,pict,0.155459833,47.6
80,2,125,7,3,pict,0.156126356,46.8
80,2,143,8,3,pict,0.153665733,47.4
80,2,160,9,3,pict,0.175384378,47.2
140,2,0,0,3,pict,0.385179806,52.2
140,2,23,1,3,pict,0.447355175,52.6
140,2,47,2,3,pict,0.557619143,52.2
140,2,70,3,3,pict,0.550830412,53.2
140,2,94,4,3,pict,0.704980755,52.4
140,2,118,5,3,pict,0.807435989,53.2
140,2,141,6,3,pict,0.664116955,52.4
140,2,165,7,3,pict,0.464187813,52.4
140,2,189,8,3,pict,0.514159203,54
140,2,212,9,3,pict,0.532927418,52.6
200,2,0,0,3,pict,0.915353394,55.6
200,2,28,1,3,pict,0.944069147,56.2
200,2,56,2,3,pict,0.963226414,56.2
200,2,84,3,3,pict,0.96920414,56
200,2,113,4,3,pict,0.982041788,55.6
200,2,141,5,3,pict,0.999518061,55.6
200,2,169,6,3,pict,1.04586935,57
200,2,197,7,3,pict,1.050226927,56.4
200,2,226,8,3,pict,1.068593979,56.4
200,2,254,9,3,pict,1.092340994,57
20,3,0,0,3,pict,0.296478987,146
20,3,8,1,3,pict,0.301063871,147.6
20,3,17,2,3,pict,0.303398371,149.2
20,3,26,3,3,pict,0.308227587,152
20,3,35,4,3,pict,0.311944342,154
20,3,44,5,3,pict,0.319479418,157.8
20,3,53,6,3,pict,0.328714228,162.4
20,3,62,7,3,pict,0.337716866,168
20,3,71,8,3,pict,0.341088152,169.4
20,3,80,9,3,pict,0.351434374,174.8
80,3,0,0,3,pict,43.65716681,275
80,3,17,1,3,pict,43.57891521,275.6
80,3,35,2,3,pict,43.69397821,276
80,3,53,3,3,pict,43.86284809,277.6
80,3,71,4,3,pict,43.92460876,279.8
80,3,89,5,3,pict,44.53920336,283.8
80,3,107,6,3,pict,42.21590452,282.8
80,3,125,7,3,pict,42.4945436,286.4
80,3,143,8,3,pict,42.52070961,287.2
80,3,160,9,3,pict,43.52631898,293.8
140,3,0,0,3,pict,287.1451903,331.6
140,3,23,1,3,pict,299.486538,331.4
140,3,47,2,3,pict,293.2969376,333.8
140,3,70,3,3,pict,287.8768978,334.6
140,3,94,4,3,pict,288.8704314,335.6
140,3,118,5,3,pict,290.3465327,337.8
140,3,141,6,3,pict,291.3170318,338
140,3,165,7,3,pict,291.5727888,340.4
140,3,189,8,3,pict,297.8695144,342.8
140,3,212,9,3,pict,390.5726274,341.6
200,3,0,0,3,pict,1042.396694,364.2
200,3,28,1,3,pict,941.1693038,365.8
200,3,56,2,3,pict,1040.854341,366.2
200,3,84,3,3,pict,1009.382731,366.6
200,3,113,4,3,pict,988.5643174,368.8
200,3,141,5,3,pict,1109.080948,369.8
200,3,169,6,3,pict,1088.959691,372.2
200,3,197,7,3,pict,938.5603366,371.2
200,3,226,8,3,pict,1046.134401,373
200,3,254,9,3,pict,1147.761673,375.8
20,2,0,0,4,pict,0.079782772,29.4
20,2,8,1,4,pict,0.078322792,29.6
20,2,17,2,4,pict,0.08700366,29.8
20,2,26,3,4,pict,0.090024137,30.4
20,2,35,4,4,pict,0.100854063,30
20,2,44,5,4,pict,0.106816196,29.4
20,2,53,6,4,pict,0.103506994,30.6
20,2,62,7,4,pict,0.131207418,29.8
20,2,71,8,4,pict,0.116962433,30.6
20,2,80,9,4,pict,0.121622086,30.6
80,2,0,0,4,pict,0.268877363,45.8
80,2,17,1,4,pict,0.289544249,45.6
80,2,35,2,4,pict,0.298465395,45.2
80,2,53,3,4,pict,0.344920635,46
80,2,71,4,4,pict,0.373115921,46.4
80,2,89,5,4,pict,0.347356796,45.8
80,2,107,6,4,pict,0.400221825,46.2
80,2,125,7,4,pict,0.400842381,46.4
80,2,143,8,4,pict,0.397549009,46.2
80,2,160,9,4,pict,0.419609451,45.6
140,2,0,0,4,pict,0.661525774,52.2
140,2,23,1,4,pict,0.729333973,52
140,2,47,2,4,pict,0.746365881,51.8
140,2,70,3,4,pict,0.76648221,52.4
140,2,94,4,4,pict,1.083377266,52.6
140,2,118,5,4,pict,0.884030724,52.4
140,2,141,6,4,pict,0.916690969,52.6
140,2,165,7,4,pict,1.005747271,52
140,2,189,8,4,pict,1.13162322,52.8
140,2,212,9,4,pict,0.928863049,53.2
200,2,0,0,4,pict,1.368149757,55.6
200,2,28,1,4,pict,1.859420967,56
200,2,56,2,4,pict,1.940513802,56
200,2,84,3,4,pict,1.847583389,55.6
200,2,113,4,4,pict,1.640988922,55.8
200,2,141,5,4,pict,2.018246794,56.2
200,2,169,6,4,pict,2.091177607,56
200,2,197,7,4,pict,2.143735409,55.2
200,2,226,8,4,pict,1.932443333,55.8
200,2,254,9,4,pict,1.915774298,56.4
20,3,0,0,4,pict,0.620955324,146
20,3,8,1,4,pict,0.732516241,147.6
20,3,17,2,4,pict,0.673784637,147.2
20,3,26,3,4,pict,0.653046989,146.4
20,3,35,4,4,pict,0.730741024,150
20,3,44,5,4,pict,0.651783657,148.8
20,3,53,6,4,pict,0.6738904,148
20,3,62,7,4,pict,0.55642662,149.4
20,3,71,8,4,pict,0.733433723,150
20,3,80,9,4,pict,0.807543802,149.4
80,3,0,0,4,pict,81.15743256,275
80,3,17,1,4,pict,78.89213219,275.2
80,3,35,2,4,pict,78.56449709,275.6
80,3,53,3,4,pict,79.15072117,275.6
80,3,71,4,4,pict,78.78434944,275.8
80,3,89,5,4,pict,75.73641105,277.4
80,3,107,6,4,pict,73.44960351,276.2
80,3,125,7,4,pict,74.90417824,276.2
80,3,143,8,4,pict,76.41984682,277.2
80,3,160,9,4,pict,76.32640519,276.8
140,3,0,0,4,pict,496.4589214,331.6
140,3,23,1,4,pict,507.1500376,331.4
140,3,47,2,4,pict,508.5352032,332
140,3,70,3,4,pict,526.9341849,333.2
140,3,94,4,4,pict,505.1351874,333.4
140,3,118,5,4,pict,496.1497834,332.2
140,3,141,6,4,pict,532.2742266,332.8
140,3,165,7,4,pict,540.190244,334.6
140,3,189,8,4,pict,536.9993189,335
140,3,212,9,4,pict,574.2742778,334.2
200,3,0,0,4,pict,1766.044021,364.2
200,3,28,1,4,pict,1802.772353,365.6
200,3,56,2,4,pict,1924.533739,365.4
200,3,84,3,4,pict,1972.350437,365.2
200,3,113,4,4,pict,1949.016825,366.8
200,3,141,5,4,pict,1955.826749,365.8
200,3,169,6,4,pict,1918.553698,366.4
200,3,197,7,4,pict,1965.59759,367
200,3,226,8,4,pict,1846.006282,366
200,3,254,9,4,pict,2023.238626,366.8
20,2,0,0,5,pict,0.074174738,29.4
20,2,8,1,5,pict,0.087250948,30
20,2,17,2,5,pict,0.11193862,30
20,2,26,3,5,pict,0.124507046,30.2
20,2,35,4,5,pict,0.138128805,30
20,2,44,5,5,pict,0.14763422,30
20,2,53,6,5,pict,0.160543823,30.4
20,2,62,7,5,pict,0.186573267,30
20,2,71,8,5,pict,0.184510183,30.4
20,2,80,9,5,pict,0.208560467,30
80,2,0,0,5,pict,0.275868988,45.8
80,2,17,1,5,pict,0.254084587,45.8
80,2,35,2,5,pict,0.251128817,45.8
80,2,53,3,5,pict,0.309500217,46.4
80,2,71,4,5,pict,0.449984598,46.6
80,2,89,5,5,pict,0.37919898,46
80,2,107,6,5,pict,0.603087044,46
80,2,125,7,5,pict,0.594218254,45.6
80,2,143,8,5,pict,0.428595161,46.2
80,2,160,9,5,pict,0.728611803,45.6
140,2,0,0,5,pict,0.789993286,52.2
140,2,23,1,5,pict,0.863199043,51.8
140,2,47,2,5,pict,1.110897636,52.6
140,2,70,3,5,pict,0.898094749,52.6
140,2,94,4,5,pict,1.206597185,52
140,2,118,5,5,pict,1.144660378,52.2
140,2,141,6,5,pict,1.309138298,52.2
140,2,165,7,5,pict,1.166105127,52.6
140,2,189,8,5,pict,1.198168659,52.2
140,2,212,9,5,pict,1.608151913,52.2
200,2,0,0,5,pict,1.427757978,55.6
200,2,28,1,5,pict,1.638098383,56.2
200,2,56,2,5,pict,1.644909191,56
200,2,84,3,5,pict,1.912319374,55.2
200,2,113,4,5,pict,2.139885569,55.2
200,2,141,5,5,pict,2.08339057,55.2
200,2,169,6,5,pict,1.978124809,55.4
200,2,197,7,5,pict,2.350249529,55.8
200,2,226,8,5,pict,2.556170988,55.2
200,2,254,9,5,pict,2.552170992,56.2
20,3,0,0,5,pict,0.542369604,146
20,3,8,1,5,pict,0.537813759,146.4
20,3,17,2,5,pict,0.657989979,145.2
20,3,26,3,5,pict,0.686634398,146
20,3,35,4,5,pict,0.834295988,146.8
20,3,44,5,5,pict,0.897758436,147
20,3,53,6,5,pict,0.998407984,146.8
20,3,62,7,5,pict,0.888816214,146.2
20,3,71,8,5,pict,1.030980206,147.6
20,3,80,9,5,pict,0.933464146,146.6
80,3,0,0,5,pict,74.38032541,275
80,3,17,1,5,pict,68.38965364,275.4
80,3,35,2,5,pict,79.80791659,275.8
80,3,53,3,5,pict,83.74391904,275
80,3,71,4,5,pict,90.78452477,275.4
80,3,89,5,5,pict,75.39267583,275
80,3,107,6,5,pict,80.22232041,275
80,3,125,7,5,pict,84.97610097,275.4
80,3,143,8,5,pict,81.04986362,275.4
80,3,160,9,5,pict,86.06642127,275.2
140,3,0,0,5,pict,558.4253078,331.6
140,3,23,1,5,pict,529.2269248,330.8
140,3,47,2,5,pict,529.2099394,332
140,3,70,3,5,pict,517.9337616,332
140,3,94,4,5,pict,569.4480145,330.8
140,3,118,5,5,pict,632.0663482,332.2
140,3,141,6,5,pict,623.2161,332.2
140,3,165,7,5,pict,574.3245368,333
140,3,189,8,5,pict,574.4294026,331.8
140,3,212,9,5,pict,645.0413562,333.2
200,3,0,0,5,pict,1934.850045,364.2
200,3,28,1,5,pict,1953.834107,364.2
200,3,56,2,5,pict,1870.514802,365.2
200,3,84,3,5,pict,1724.472132,364.4
200,3,113,4,5,pict,1647.160259,364.8
200,3,141,5,5,pict,1694.876857,365.2
200,3,169,6,5,pict,1723.843032,364.6
200,3,197,7,5,pict,1730.463201,365.4
200,3,226,8,5,pict,1708.320515,365.8
200,3,254,9,5,pict,1667.782466,365.8
20,2,0,0,2,hybrid-qual,2.676042,24
20,2,8,1,2,hybrid-qual,3.34282,24.2
20,2,17,2,2,hybrid-qual,3.59342,24
20,2,26,3,2,hybrid-qual,4.180516,23.8
20,2,35,4,2,hybrid-qual,4.245112,24.2
20,2,44,5,2,hybrid-qual,4.73297,24.4
20,2,53,6,2,hybrid-qual,5.497202,24.4
20,2,62,7,2,hybrid-qual,3.766292,25.4
20,2,71,8,2,hybrid-qual,6.43875,25.2
20,2,80,9,2,hybrid-qual,7.296752,26.6
80,2,0,0,2,hybrid-qual,8.758412,36.2
80,2,17,1,2,hybrid-qual,11.708914,36.4
80,2,35,2,2,hybrid-qual,10.490966,36
80,2,53,3,2,hybrid-qual,11.456214,36
80,2,71,4,2,hybrid-qual,15.06104,36
80,2,89,5,2,hybrid-qual,14.99616,36.2
80,2,107,6,2,hybrid-qual,15.94684,36.4
80,2,125,7,2,hybrid-qual,20.24976,36.6
80,2,143,8,2,hybrid-qual,28.06568,36.6
80,2,160,9,2,hybrid-qual,26.35818,36.4
140,2,0,0,2,hybrid-qual,19.79898,41.4
140,2,23,1,2,hybrid-qual,20.59182,41
140,2,47,2,2,hybrid-qual,20.31448,41.2
140,2,70,3,2,hybrid-qual,26.40776,41.2
140,2,94,4,2,hybrid-qual,29.13724,41.4
140,2,118,5,2,hybrid-qual,31.1344,41.2
140,2,141,6,2,hybrid-qual,39.20796,41.4
140,2,165,7,2,hybrid-qual,47.91832,41
140,2,189,8,2,hybrid-qual,46.12274,41.2
140,2,212,9,2,hybrid-qual,59.27654,41.8
200,2,0,0,2,hybrid-qual,30.23226,44
200,2,28,1,2,hybrid-qual,35.02344,44
200,2,56,2,2,hybrid-qual,38.16614,44
200,2,84,3,2,hybrid-qual,41.64626,44
200,2,113,4,2,hybrid-qual,46.02424,44.2
200,2,141,5,2,hybrid-qual,56.5944,44.2
200,2,169,6,2,hybrid-qual,62.28454,44
200,2,197,7,2,hybrid-qual,84.0195,44.2
200,2,226,8,2,hybrid-qual,91.99418,44.2
200,2,254,9,2,hybrid-qual,95.9037,44.2
20,3,0,0,2,hybrid-qual,61.06206,121.4
20,3,8,1,2,hybrid-qual,79.68932,120.6
20,3,17,2,2,hybrid-qual,83.32714,121.4
20,3,26,3,2,hybrid-qual,92.47158,121.6
20,3,35,4,2,hybrid-qual,88.94408,123.6
20,3,44,5,2,hybrid-qual,126.9178,123.2
20,3,53,6,2,hybrid-qual,124.63082,124.6
20,3,62,7,2,hybrid-qual,270.9278,126.6
20,3,71,8,2,hybrid-qual,272.7132,130.6
20,3,80,9,2,hybrid-qual,321.6328,135.6
80,3,0,0,2,hybrid-qual,1824.63,239.8
80,3,17,1,2,hybrid-qual,1901.604,239.6
80,3,35,2,2,hybrid-qual,2127.558,239.6
80,3,53,3,2,hybrid-qual,1872.188,239.6
80,3,71,4,2,hybrid-qual,1962.274,239.8
80,3,89,5,2,hybrid-qual,2048.812,240.2
80,3,107,6,2,hybrid-qual,2172.27,241
80,3,125,7,2,hybrid-qual,2209.79,242
80,3,143,8,2,hybrid-qual,2454.474,242.4
80,3,160,9,2,hybrid-qual,2212.01,244.2
140,3,0,0,2,hybrid-qual,*,*
140,3,23,1,2,hybrid-qual,*,*
140,3,47,2,2,hybrid-qual,*,*
140,3,70,3,2,hybrid-qual,*,*
140,3,94,4,2,hybrid-qual,*,*
140,3,118,5,2,hybrid-qual,*,*
140,3,141,6,2,hybrid-qual,*,*
140,3,165,7,2,hybrid-qual,*,*
140,3,189,8,2,hybrid-qual,*,*
140,3,212,9,2,hybrid-qual,*,*
200,3,0,0,2,hybrid-qual,*,*
200,3,28,1,2,hybrid-qual,*,*
200,3,56,2,2,hybrid-qual,*,*
200,3,84,3,2,hybrid-qual,*,*
200,3,113,4,2,hybrid-qual,*,*
200,3,141,5,2,hybrid-qual,*,*
200,3,169,6,2,hybrid-qual,*,*
200,3,197,7,2,hybrid-qual,*,*
200,3,226,8,2,hybrid-qual,*,*
200,3,254,9,2,hybrid-qual,*,*
20,2,0,0,3,hybrid-qual,56.62906,23.6
20,2,8,1,3,hybrid-qual,57.33856,23.8
20,2,17,2,3,hybrid-qual,54.62796,23.8
20,2,26,3,3,hybrid-qual,69.57394,24
20,2,35,4,3,hybrid-qual,91.27874,24
20,2,44,5,3,hybrid-qual,55.93026,23.8
20,2,53,6,3,hybrid-qual,94.17742,24
20,2,62,7,3,hybrid-qual,58.62018,24.4
20,2,71,8,3,hybrid-qual,91.76948,24
20,2,80,9,3,hybrid-qual,75.10536,24.2
80,2,0,0,3,hybrid-qual,74.88998,36
80,2,17,1,3,hybrid-qual,44.9291,36.2
80,2,35,2,3,hybrid-qual,102.41036,36.2
80,2,53,3,3,hybrid-qual,72.2252,36.4
80,2,71,4,3,hybrid-qual,83.100984,36
80,2,89,5,3,hybrid-qual,91.39754,36.4
80,2,107,6,3,hybrid-qual,28.13544,36
80,2,125,7,3,hybrid-qual,23.3287,36.4
80,2,143,8,3,hybrid-qual,29.114,36.4
80,2,160,9,3,hybrid-qual,36.04238,36.2
140,2,0,0,3,hybrid-qual,29.02514,41.4
140,2,23,1,3,hybrid-qual,32.0873,41.2
140,2,47,2,3,hybrid-qual,39.93112,41.2
140,2,70,3,3,hybrid-qual,34.77818,41.4
140,2,94,4,3,hybrid-qual,48.20616,41
140,2,118,5,3,hybrid-qual,66.66208,41
140,2,141,6,3,hybrid-qual,92.14226,41
140,2,165,7,3,hybrid-qual,95.30992,41.2
140,2,189,8,3,hybrid-qual,91.96734,41.2
140,2,212,9,3,hybrid-qual,108.04038,41.4
200,2,0,0,3,hybrid-qual,46.76518,44.2
200,2,28,1,3,hybrid-qual,60.13418,44
200,2,56,2,3,hybrid-qual,82.50548,44.2
200,2,84,3,3,hybrid-qual,72.6518,43.8
200,2,113,4,3,hybrid-qual,84.29796,43.8
200,2,141,5,3,hybrid-qual,107.48082,43.8
200,2,169,6,3,hybrid-qual,112.71534,44
200,2,197,7,3,hybrid-qual,73.69508,44
200,2,226,8,3,hybrid-qual,102.71608,44.2
200,2,254,9,3,hybrid-qual,123.1494,43.8
20,3,0,0,3,hybrid-qual,110.91658,121.4
20,3,8,1,3,hybrid-qual,111.70882,118.4
20,3,17,2,3,hybrid-qual,121.27952,121.8
20,3,26,3,3,hybrid-qual,97.67698,121.8
20,3,35,4,3,hybrid-qual,125.93628,121.4
20,3,44,5,3,hybrid-qual,151.94372,122.2
20,3,53,6,3,hybrid-qual,137.6652,121.4
20,3,62,7,3,hybrid-qual,167.35042,122
20,3,71,8,3,hybrid-qual,116.7368,121.6
20,3,80,9,3,hybrid-qual,125.38438,122.6
80,3,0,0,3,hybrid-qual,1780.778,240
80,3,17,1,3,hybrid-qual,1953.916,239
80,3,35,2,3,hybrid-qual,1903.136,239.4
80,3,53,3,3,hybrid-qual,1934.79,239.4
80,3,71,4,3,hybrid-qual,2169.056,239.4
80,3,89,5,3,hybrid-qual,1978.77,239.8
80,3,107,6,3,hybrid-qual,2000.104,240.2
80,3,125,7,3,hybrid-qual,2006.396,239.8
80,3,143,8,3,hybrid-qual,2149.348,239.4
80,3,160,9,3,hybrid-qual,2362.02,240
140,3,0,0,3,hybrid-qual,*,*
140,3,23,1,3,hybrid-qual,*,*
140,3,47,2,3,hybrid-qual,*,*
140,3,70,3,3,hybrid-qual,*,*
140,3,94,4,3,hybrid-qual,*,*
140,3,118,5,3,hybrid-qual,*,*
140,3,141,6,3,hybrid-qual,*,*
140,3,165,7,3,hybrid-qual,*,*
140,3,189,8,3,hybrid-qual,*,*
140,3,212,9,3,hybrid-qual,*,*
200,3,0,0,3,hybrid-qual,*,*
200,3,28,1,3,hybrid-qual,*,*
200,3,56,2,3,hybrid-qual,*,*
200,3,84,3,3,hybrid-qual,*,*
200,3,113,4,3,hybrid-qual,*,*
200,3,141,5,3,hybrid-qual,*,*
200,3,169,6,3,hybrid-qual,*,*
200,3,197,7,3,hybrid-qual,*,*
200,3,226,8,3,hybrid-qual,*,*
200,3,254,9,3,hybrid-qual,*,*
20,2,0,0,4,hybrid-qual,2.670534,24.2
20,2,8,1,4,hybrid-qual,3.36321,23.8
20,2,17,2,4,hybrid-qual,4.287018,24
20,2,26,3,4,hybrid-qual,3.330006,24.4
20,2,35,4,4,hybrid-qual,4.626546,23.6
20,2,44,5,4,hybrid-qual,3.966954,23.8
20,2,53,6,4,hybrid-qual,3.685732,24
20,2,62,7,4,hybrid-qual,3.498248,24.2
20,2,71,8,4,hybrid-qual,6.340516,24
20,2,80,9,4,hybrid-qual,5.255222,24.2
80,2,0,0,4,hybrid-qual,8.627494,36.2
80,2,17,1,4,hybrid-qual,8.688718,36.2
80,2,35,2,4,hybrid-qual,11.74164,36.2
80,2,53,3,4,hybrid-qual,11.6122,36.2
80,2,71,4,4,hybrid-qual,14.59376,36.4
80,2,89,5,4,hybrid-qual,13.92614,36.2
80,2,107,6,4,hybrid-qual,13.891694,36.2
80,2,125,7,4,hybrid-qual,15.411974,36.2
80,2,143,8,4,hybrid-qual,17.1271,36.2
80,2,160,9,4,hybrid-qual,19.28104,36.2
140,2,0,0,4,hybrid-qual,16.985098,41.2
140,2,23,1,4,hybrid-qual,20.57822,41.2
140,2,47,2,4,hybrid-qual,20.33362,41
140,2,70,3,4,hybrid-qual,24.07654,41.2
140,2,94,4,4,hybrid-qual,31.48982,41.2
140,2,118,5,4,hybrid-qual,27.02584,41
140,2,141,6,4,hybrid-qual,34.68722,41
140,2,165,7,4,hybrid-qual,41.2467,41.4
140,2,189,8,4,hybrid-qual,45.03012,41.6
140,2,212,9,4,hybrid-qual,50.60046,41.2
200,2,0,0,4,hybrid-qual,27.85992,44.2
200,2,28,1,4,hybrid-qual,32.79558,44
200,2,56,2,4,hybrid-qual,35.91408,44
200,2,84,3,4,hybrid-qual,40.18996,44.2
200,2,113,4,4,hybrid-qual,43.62658,44.2
200,2,141,5,4,hybrid-qual,53.36874,44
200,2,169,6,4,hybrid-qual,58.27384,44.2
200,2,197,7,4,hybrid-qual,72.6267,44
200,2,226,8,4,hybrid-qual,107.05232,43.6
200,2,254,9,4,hybrid-qual,99.0869,44
20,3,0,0,4,hybrid-qual,63.80072,121.6
20,3,8,1,4,hybrid-qual,86.4776,121
20,3,17,2,4,hybrid-qual,84.44356,121.4
20,3,26,3,4,hybrid-qual,94.17652,121
20,3,35,4,4,hybrid-qual,93.39466,121.4
20,3,44,5,4,hybrid-qual,79.55732,121.4
20,3,53,6,4,hybrid-qual,78.47598,121
20,3,62,7,4,hybrid-qual,95.83286,121.6
20,3,71,8,4,hybrid-qual,110.26838,122
20,3,80,9,4,hybrid-qual,*,*
80,3,0,0,4,hybrid-qual,1688.3,239.6
80,3,17,1,4,hybrid-qual,1700.056,239.2
80,3,35,2,4,hybrid-qual,1816.404,239.6
80,3,53,3,4,hybrid-qual,2037.748,240.2
80,3,71,4,4,hybrid-qual,2111.05,240
80,3,89,5,4,hybrid-qual,1802.724,239.8
80,3,107,6,4,hybrid-qual,2092.266,239.4
80,3,125,7,4,hybrid-qual,1982.544,240.2
80,3,143,8,4,hybrid-qual,2077.122,239.6
80,3,160,9,4,hybrid-qual,2219.972,240
140,3,0,0,4,hybrid-qual,*,*
140,3,23,1,4,hybrid-qual,*,*
140,3,47,2,4,hybrid-qual,*,*
140,3,70,3,4,hybrid-qual,*,*
140,3,94,4,4,hybrid-qual,*,*
140,3,118,5,4,hybrid-qual,*,*
140,3,141,6,4,hybrid-qual,*,*
140,3,165,7,4,hybrid-qual,*,*
140,3,189,8,4,hybrid-qual,*,*
140,3,212,9,4,hybrid-qual,*,*
200,3,0,0,4,hybrid-qual,*,*
200,3,28,1,4,hybrid-qual,*,*
200,3,56,2,4,hybrid-qual,*,*
200,3,84,3,4,hybrid-qual,*,*
200,3,113,4,4,hybrid-qual,*,*
200,3,141,5,4,hybrid-qual,*,*
200,3,169,6,4,hybrid-qual,*,*
200,3,197,7,4,hybrid-qual,*,*
200,3,226,8,4,hybrid-qual,*,*
200,3,254,9,4,hybrid-qual,*,*
20,2,0,0,5,hybrid-qual,3.233288,24
20,2,8,1,5,hybrid-qual,3.443254,23.8
20,2,17,2,5,hybrid-qual,4.092568,24.2
20,2,26,3,5,hybrid-qual,3.714778,23.6
20,2,35,4,5,hybrid-qual,4.447116,23.6
20,2,44,5,5,hybrid-qual,4.153882,24.2
20,2,53,6,5,hybrid-qual,3.744564,24.2
20,2,62,7,5,hybrid-qual,4.76213,23.8
20,2,71,8,5,hybrid-qual,6.189652,23.6
20,2,80,9,5,hybrid-qual,5.121808,24.4
80,2,0,0,5,hybrid-qual,8.004518,36.2
80,2,17,1,5,hybrid-qual,9.586852,36.2
80,2,35,2,5,hybrid-qual,9.592188,36.2
80,2,53,3,5,hybrid-qual,10.83417,36.2
80,2,71,4,5,hybrid-qual,13.988588,36.2
80,2,89,5,5,hybrid-qual,13.592734,36.2
80,2,107,6,5,hybrid-qual,16.000784,36.4
80,2,125,7,5,hybrid-qual,14.699784,36.2
80,2,143,8,5,hybrid-qual,18.42128,36.2
80,2,160,9,5,hybrid-qual,25.817,36.2
140,2,0,0,5,hybrid-qual,18.81428,41.4
140,2,23,1,5,hybrid-qual,21.90002,41.2
140,2,47,2,5,hybrid-qual,18.34924,40.8
140,2,70,3,5,hybrid-qual,26.90586,41.6
140,2,94,4,5,hybrid-qual,28.23098,41.4
140,2,118,5,5,hybrid-qual,31.12988,41.4
140,2,141,6,5,hybrid-qual,32.67878,41.4
140,2,165,7,5,hybrid-qual,41.87364,41.4
140,2,189,8,5,hybrid-qual,42.87634,41.4
140,2,212,9,5,hybrid-qual,48.44952,41.4
200,2,0,0,5,hybrid-qual,32.9067,43.8
200,2,28,1,5,hybrid-qual,35.54706,43.8
200,2,56,2,5,hybrid-qual,37.24658,43.4
200,2,84,3,5,hybrid-qual,40.2232,43.8
200,2,113,4,5,hybrid-qual,42.51628,44
200,2,141,5,5,hybrid-qual,53.98208,44.2
200,2,169,6,5,hybrid-qual,67.15806,43.8
200,2,197,7,5,hybrid-qual,67.2994,44.2
200,2,226,8,5,hybrid-qual,95.13254,44
200,2,254,9,5,hybrid-qual,99.31704,43.8
20,3,0,0,5,hybrid-qual,68.91984,121.4
20,3,8,1,5,hybrid-qual,89.54886,121.6
20,3,17,2,5,hybrid-qual,79.76384,121
20,3,26,3,5,hybrid-qual,81.05898,122.2
20,3,35,4,5,hybrid-qual,91.6831,122.2
20,3,44,5,5,hybrid-qual,90.18912,121.4
20,3,53,6,5,hybrid-qual,93.47348,122
20,3,62,7,5,hybrid-qual,95.8647,121
20,3,71,8,5,hybrid-qual,115.2931,121.6
20,3,80,9,5,hybrid-qual,112.03762,121.4
80,3,0,0,5,hybrid-qual,1780.42,240
80,3,17,1,5,hybrid-qual,1806.008,240
80,3,35,2,5,hybrid-qual,1942.328,239.6
80,3,53,3,5,hybrid-qual,1833.474,240.2
80,3,71,4,5,hybrid-qual,1971.036,239.8
80,3,89,5,5,hybrid-qual,2072.488,239.6
80,3,107,6,5,hybrid-qual,2067.62,238.8
80,3,125,7,5,hybrid-qual,2030.864,239.2
80,3,143,8,5,hybrid-qual,2005.322,240
80,3,160,9,5,hybrid-qual,2340.16,239.8
140,3,0,0,5,hybrid-qual,*,*
140,3,23,1,5,hybrid-qual,*,*
140,3,47,2,5,hybrid-qual,*,*
140,3,70,3,5,hybrid-qual,*,*
140,3,94,4,5,hybrid-qual,*,*
140,3,118,5,5,hybrid-qual,*,*
140,3,141,6,5,hybrid-qual,*,*
140,3,165,7,5,hybrid-qual,*,*
140,3,189,8,5,hybrid-qual,*,*
140,3,212,9,5,hybrid-qual,*,*
200,3,0,0,5,hybrid-qual,*,*
200,3,28,1,5,hybrid-qual,*,*
200,3,56,2,5,hybrid-qual,*,*
200,3,84,3,5,hybrid-qual,*,*
200,3,113,4,5,hybrid-qual,*,*
200,3,141,5,5,hybrid-qual,*,*
200,3,169,6,5,hybrid-qual,*,*
200,3,197,7,5,hybrid-qual,*,*
200,3,226,8,5,hybrid-qual,*,*
200,3,254,9,5,hybrid-qual,*,*
20,2,0,0,2,TCA,0,24
20,2,8,1,2,TCA,0.01,33.6
20,2,17,2,2,TCA,0.01,33.8
20,2,26,3,2,TCA,0.01,34
20,2,35,4,2,TCA,0.01,35.4
20,2,44,5,2,TCA,0.01,38
20,2,53,6,2,TCA,0.01,39.4
20,2,62,7,2,TCA,0.012,39.6
20,2,71,8,2,TCA,0.012,41.2
20,2,80,9,2,TCA,0.016,43
80,2,0,0,2,TCA,0.05,52
80,2,17,1,2,TCA,0.524,53
80,2,35,2,2,TCA,0.516,53
80,2,53,3,2,TCA,0.546,53.2
80,2,71,4,2,TCA,0.544,57.8
80,2,89,5,2,TCA,0.564,59.8
80,2,107,6,2,TCA,0.576,59
80,2,125,7,2,TCA,0.578,62.2
80,2,143,8,2,TCA,0.616,64.8
80,2,160,9,2,TCA,0.656,67.8
140,2,0,0,2,TCA,0.178,59.4
140,2,23,1,2,TCA,2.664,59.8
140,2,47,2,2,TCA,2.652,61.2
140,2,70,3,2,TCA,2.676,63.2
140,2,94,4,2,TCA,2.726,62.4
140,2,118,5,2,TCA,2.754,64.2
140,2,141,6,2,TCA,2.782,67
140,2,165,7,2,TCA,2.87,69.6
140,2,189,8,2,TCA,2.922,72.4
140,2,212,9,2,TCA,3.022,74.6
200,2,0,0,2,TCA,0.384,63
200,2,28,1,2,TCA,7.112,65.6
200,2,56,2,2,TCA,7.104,65.4
200,2,84,3,2,TCA,7.05,66.6
200,2,113,4,2,TCA,7.168,67.6
200,2,141,5,2,TCA,7.11,70.4
200,2,169,6,2,TCA,7.344,70.8
200,2,197,7,2,TCA,7.228,72.8
200,2,226,8,2,TCA,7.292,77.4
200,2,254,9,2,TCA,7.516,77.2
20,3,0,0,2,TCA,0.042,157.4
20,3,8,1,2,TCA,0.166,163
20,3,17,2,2,TCA,0.17,165.4
20,3,26,3,2,TCA,0.18,173.2
20,3,35,4,2,TCA,0.204,183
20,3,44,5,2,TCA,0.206,186.6
20,3,53,6,2,TCA,0.216,192.4
20,3,62,7,2,TCA,0.218,200.6
20,3,71,8,2,TCA,0.24,206.6
20,3,80,9,2,TCA,0.242,217.4
80,3,0,0,2,TCA,5.336,310
80,3,17,1,2,TCA,33.114,315.2
80,3,35,2,2,TCA,32.896,318.8
80,3,53,3,2,TCA,33.404,333.4
80,3,71,4,2,TCA,33.656,341.2
80,3,89,5,2,TCA,36.586,349.4
80,3,107,6,2,TCA,37.224,370.4
80,3,125,7,2,TCA,40.78,377.4
80,3,143,8,2,TCA,40.386,391.8
80,3,160,9,2,TCA,45.484,415.6
140,3,0,0,2,TCA,39.048,374.8
140,3,23,1,2,TCA,321.478,383.2
140,3,47,2,2,TCA,319.156,387.2
140,3,70,3,2,TCA,321.652,394.2
140,3,94,4,2,TCA,321.184,399.4
140,3,118,5,2,TCA,335.172,418.4
140,3,141,6,2,TCA,349.132,429.2
140,3,165,7,2,TCA,342.184,436.8
140,3,189,8,2,TCA,379.92,463.4
140,3,212,9,2,TCA,405.476,474.8
200,3,0,0,2,TCA,121.292,413.6
200,3,28,1,2,TCA,1247.414,418.4
200,3,56,2,2,TCA,1262.54,426.2
200,3,84,3,2,TCA,1271.192,435.8
200,3,113,4,2,TCA,1253.17,446.8
200,3,141,5,2,TCA,1260.22,457.4
200,3,169,6,2,TCA,1300.828,465.6
200,3,197,7,2,TCA,1353.64,488.8
200,3,226,8,2,TCA,1380.36,490
200,3,254,9,2,TCA,1366.64,516.6
20,2,0,0,3,TCA,0,24
20,2,8,1,3,TCA,0.008,31.8
20,2,17,2,3,TCA,0.01,32.8
20,2,26,3,3,TCA,0.012,33.2
20,2,35,4,3,TCA,0.01,33.6
20,2,44,5,3,TCA,0.012,32.6
20,2,53,6,3,TCA,0.016,34
20,2,62,7,3,TCA,0.014,33.6
20,2,71,8,3,TCA,0.016,34.6
20,2,80,9,3,TCA,0.016,35.4
80,2,0,0,3,TCA,0.048,52
80,2,17,1,3,TCA,0.532,52
80,2,35,2,3,TCA,0.536,52
80,2,53,3,3,TCA,0.554,52.4
80,2,71,4,3,TCA,0.586,52.2
80,2,89,5,3,TCA,0.62,53.4
80,2,107,6,3,TCA,0.652,52.4
80,2,125,7,3,TCA,0.68,54
80,2,143,8,3,TCA,0.702,52.8
80,2,160,9,3,TCA,0.708,53.6
140,2,0,0,3,TCA,0.178,59.4
140,2,23,1,3,TCA,2.682,59.6
140,2,47,2,3,TCA,2.662,59
140,2,70,3,3,TCA,2.776,60
140,2,94,4,3,TCA,2.838,59.8
140,2,118,5,3,TCA,2.888,60.4
140,2,141,6,3,TCA,2.978,61
140,2,165,7,3,TCA,3.102,60.2
140,2,189,8,3,TCA,3.276,60.6
140,2,212,9,3,TCA,3.402,61.8
200,2,0,0,3,TCA,0.382,63
200,2,28,1,3,TCA,7.17,64.2
200,2,56,2,3,TCA,7.192,64.6
200,2,84,3,3,TCA,7.288,64.6
200,2,113,4,3,TCA,7.396,64.2
200,2,141,5,3,TCA,7.614,65.2
200,2,169,6,3,TCA,7.642,64.6
200,2,197,7,3,TCA,7.992,63.8
200,2,226,8,3,TCA,8.46,66.2
200,2,254,9,3,TCA,8.646,65.6
20,3,0,0,3,TCA,0.042,157.4
20,3,8,1,3,TCA,0.184,161
20,3,17,2,3,TCA,0.198,160.6
20,3,26,3,3,TCA,0.208,162.8
20,3,35,4,3,TCA,0.22,166.4
20,3,44,5,3,TCA,0.23,170
20,3,53,6,3,TCA,0.236,170.2
20,3,62,7,3,TCA,0.234,172.6
20,3,71,8,3,TCA,0.24,176.4
20,3,80,9,3,TCA,0.242,176.8
80,3,0,0,3,TCA,5.514,310
80,3,17,1,3,TCA,33.364,311.4
80,3,35,2,3,TCA,34.568,313.2
80,3,53,3,3,TCA,37.204,313
80,3,71,4,3,TCA,39.854,316.4
80,3,89,5,3,TCA,43.516,318.8
80,3,107,6,3,TCA,47.008,318
80,3,125,7,3,TCA,46.476,322.8
80,3,143,8,3,TCA,51.334,321.4
80,3,160,9,3,TCA,51.71,323.4
140,3,0,0,3,TCA,42.484,374.8
140,3,23,1,3,TCA,327.436,377.8
140,3,47,2,3,TCA,325.292,378.6
140,3,70,3,3,TCA,338.494,380.8
140,3,94,4,3,TCA,363.494,382.4
140,3,118,5,3,TCA,379.012,381.2
140,3,141,6,3,TCA,416.406,383
140,3,165,7,3,TCA,430.484,383.4
140,3,189,8,3,TCA,450.638,388.6
140,3,212,9,3,TCA,472.346,387.8
200,3,0,0,3,TCA,126.002,413.6
200,3,28,1,3,TCA,1261.584,415.6
200,3,56,2,3,TCA,1279.22,418.4
200,3,84,3,3,TCA,1313.788,416.4
200,3,113,4,3,TCA,1353.326,417.8
200,3,141,5,3,TCA,1459.834,422.4
200,3,169,6,3,TCA,1542.59,423.2
200,3,197,7,3,TCA,1615.956,423
200,3,226,8,3,TCA,1760.47,424.4
200,3,254,9,3,TCA,1790.926,426.6
20,2,0,0,4,TCA,0,24
20,2,8,1,4,TCA,0.01,32
20,2,17,2,4,TCA,0.008,31.4
20,2,26,3,4,TCA,0.01,32.2
20,2,35,4,4,TCA,0.01,31.6
20,2,44,5,4,TCA,0.01,32.2
20,2,53,6,4,TCA,0.01,32.4
20,2,62,7,4,TCA,0.014,32.6
20,2,71,8,4,TCA,0.012,33
20,2,80,9,4,TCA,0.016,33.2
80,2,0,0,4,TCA,0.05,52
80,2,17,1,4,TCA,0.526,50.8
80,2,35,2,4,TCA,0.564,53
80,2,53,3,4,TCA,0.59,50.6
80,2,71,4,4,TCA,0.608,51.6
80,2,89,5,4,TCA,0.62,51.4
80,2,107,6,4,TCA,0.658,52
80,2,125,7,4,TCA,0.674,51.8
80,2,143,8,4,TCA,0.668,51.6
80,2,160,9,4,TCA,0.726,52.4
140,2,0,0,4,TCA,0.174,59.4
140,2,23,1,4,TCA,2.654,59.8
140,2,47,2,4,TCA,2.668,59
140,2,70,3,4,TCA,2.874,59.6
140,2,94,4,4,TCA,2.91,59.6
140,2,118,5,4,TCA,3.04,59.4
140,2,141,6,4,TCA,3.112,60
140,2,165,7,4,TCA,3.28,58.2
140,2,189,8,4,TCA,3.376,60.6
140,2,212,9,4,TCA,3.486,60.2
200,2,0,0,4,TCA,0.382,63
200,2,28,1,4,TCA,7.236,63.6
200,2,56,2,4,TCA,7.366,64.4
200,2,84,3,4,TCA,7.39,64
200,2,113,4,4,TCA,7.618,64.2
200,2,141,5,4,TCA,7.916,62.8
200,2,169,6,4,TCA,8.272,64.8
200,2,197,7,4,TCA,8.524,63.6
200,2,226,8,4,TCA,8.746,63.8
200,2,254,9,4,TCA,8.982,64
20,3,0,0,4,TCA,0.042,157.4
20,3,8,1,4,TCA,0.184,159.2
20,3,17,2,4,TCA,0.198,159.2
20,3,26,3,4,TCA,0.206,159
20,3,35,4,4,TCA,0.22,161.4
20,3,44,5,4,TCA,0.216,161.8
20,3,53,6,4,TCA,0.216,162.4
20,3,62,7,4,TCA,0.222,161.6
20,3,71,8,4,TCA,0.232,164.6
20,3,80,9,4,TCA,0.226,162.2
80,3,0,0,4,TCA,5.582,310
80,3,17,1,4,TCA,35.606,307.6
80,3,35,2,4,TCA,37.956,312.2
80,3,53,3,4,TCA,40.618,310.4
80,3,71,4,4,TCA,43.05,309.6
80,3,89,5,4,TCA,43.84,311.4
80,3,107,6,4,TCA,44.962,312
80,3,125,7,4,TCA,47.104,313
80,3,143,8,4,TCA,48.866,313.2
80,3,160,9,4,TCA,49.654,314.4
140,3,0,0,4,TCA,41.442,374.8
140,3,23,1,4,TCA,329.18,373.6
140,3,47,2,4,TCA,349.09,375.4
140,3,70,3,4,TCA,366.686,377.6
140,3,94,4,4,TCA,390.66,376.6
140,3,118,5,4,TCA,402.468,377.6
140,3,141,6,4,TCA,433.64,378.6
140,3,165,7,4,TCA,440.94,376.8
140,3,189,8,4,TCA,451.918,375.4
140,3,212,9,4,TCA,469.006,379.2
200,3,0,0,4,TCA,127.942,413.6
200,3,28,1,4,TCA,1274.75,412.8
200,3,56,2,4,TCA,1342.826,416.4
200,3,84,3,4,TCA,1413.604,413.6
200,3,113,4,4,TCA,1451.476,416.8
200,3,141,5,4,TCA,1585.334,414.4
200,3,169,6,4,TCA,1734.792,416.2
200,3,197,7,4,TCA,1720.046,415.8
200,3,226,8,4,TCA,1749.742,415.8
200,3,254,9,4,TCA,1824.052,416.4
20,2,0,0,5,TCA,0,24
20,2,8,1,5,TCA,0.01,31.6
20,2,17,2,5,TCA,0.01,32.2
20,2,26,3,5,TCA,0.01,31.8
20,2,35,4,5,TCA,0.01,32.8
20,2,44,5,5,TCA,0.01,32
20,2,53,6,5,TCA,0.01,32.4
20,2,62,7,5,TCA,0.01,32
20,2,71,8,5,TCA,0.01,32.6
20,2,80,9,5,TCA,0.01,32.8
80,2,0,0,5,TCA,0.05,52
80,2,17,1,5,TCA,0.532,51.4
80,2,35,2,5,TCA,0.536,51.2
80,2,53,3,5,TCA,0.566,52.2
80,2,71,4,5,TCA,0.594,52
80,2,89,5,5,TCA,0.572,51.6
80,2,107,6,5,TCA,0.63,51.8
80,2,125,7,5,TCA,0.628,52.2
80,2,143,8,5,TCA,0.618,50.8
80,2,160,9,5,TCA,0.652,51.8
140,2,0,0,5,TCA,0.174,59.4
140,2,23,1,5,TCA,2.676,58.6
140,2,47,2,5,TCA,2.728,59.4
140,2,70,3,5,TCA,2.832,60
140,2,94,4,5,TCA,2.716,58.8
140,2,118,5,5,TCA,2.926,59.6
140,2,141,6,5,TCA,2.946,59.2
140,2,165,7,5,TCA,3.014,58.8
140,2,189,8,5,TCA,3.11,58.8
140,2,212,9,5,TCA,3.198,59
200,2,0,0,5,TCA,0.38,63
200,2,28,1,5,TCA,7.144,64.8
200,2,56,2,5,TCA,7.25,62.2
200,2,84,3,5,TCA,7.334,63.2
200,2,113,4,5,TCA,7.466,64.6
200,2,141,5,5,TCA,7.742,64.6
200,2,169,6,5,TCA,7.788,64.2
200,2,197,7,5,TCA,8.03,63.4
200,2,226,8,5,TCA,8.36,62.8
200,2,254,9,5,TCA,8.508,63.8
20,3,0,0,5,TCA,0.042,157.4
20,3,8,1,5,TCA,0.178,158.6
20,3,17,2,5,TCA,0.194,158.4
20,3,26,3,5,TCA,0.2,158.6
20,3,35,4,5,TCA,0.202,159.2
20,3,44,5,5,TCA,0.208,161
20,3,53,6,5,TCA,0.21,159.4
20,3,62,7,5,TCA,0.212,158.2
20,3,71,8,5,TCA,0.216,160.8
20,3,80,9,5,TCA,0.22,159
80,3,0,0,5,TCA,5.542,310
80,3,17,1,5,TCA,35.518,308.2
80,3,35,2,5,TCA,37.386,307.8
80,3,53,3,5,TCA,40.138,309
80,3,71,4,5,TCA,42.398,311.2
80,3,89,5,5,TCA,43.732,312
80,3,107,6,5,TCA,46.544,311.2
80,3,125,7,5,TCA,46.284,311.8
80,3,143,8,5,TCA,47.122,311.8
80,3,160,9,5,TCA,48.366,311.2
140,3,0,0,5,TCA,40.62,374.8
140,3,23,1,5,TCA,336.07,374.4
140,3,47,2,5,TCA,377.758,375.4
140,3,70,3,5,TCA,379.906,375
140,3,94,4,5,TCA,403.826,376.8
140,3,118,5,5,TCA,408.454,374
140,3,141,6,5,TCA,430.548,377.2
140,3,165,7,5,TCA,437.856,374.6
140,3,189,8,5,TCA,439.1,375.6
140,3,212,9,5,TCA,467.51,374.6
200,3,0,0,5,TCA,124.308,413.6
200,3,28,1,5,TCA,1284.09,411.8
200,3,56,2,5,TCA,1370.016,411.6
200,3,84,3,5,TCA,1473.138,413.8
200,3,113,4,5,TCA,1523.008,412.8
200,3,141,5,5,TCA,1614.518,415.2
200,3,169,6,5,TCA,1689.634,411.8
200,3,197,7,5,TCA,1698.826,414
200,3,226,8,5,TCA,1715.744,416.8
200,3,254,9,5,TCA,1809.568,415.8
